Workbook

Sheet README
A1: Deforestation attributed to cropland, pasture and forest-plantation expansion, by EPPA region (AFRC aggregation)
A3: Source: DeDuCE v2.1 - Singh, C., Persson, U. M., Croft, S., Kastner, T. & West, C. D. (2024). Commodity-driven deforestation, associated carbon emissions and trade 2001-2023 (Version 2.1) [Dataset]. Zenodo. https://doi.org/10.5281/zenodo.10633818
A4: Method: Singh, C. & Persson, U. M. (2026). Global patterns of commodity-driven deforestation and associated carbon emissions. Nature Food 7, 138-151. https://doi.org/10.1038/s43016-026-01305-4
A5: File used: 'DeDuCE_Deforestation attributed to agricultural and forestry commodities (2001-2023).xlsx', column 'Deforestation attribution, unamortized (ha)':
A6: the forest loss of each year (Hansen/GFC loss, DeDuCE's forest definition) attributed to the land use that replaced it. Gross loss, no regrowth netted out.
A7: Not the 5-year amortized 'deforestation risk' column, which spreads each year's loss over the following five years of production.
A9: Categories (sheet country_annual_ha, column category):
A10: crop = all DeDuCE crop groups (cereals, oilseeds, fruit and nuts, vegetables, roots and tubers, pulses, stimulant and spice crops, fibre crops, sugar crops)
A11: live = DeDuCE group 'Pasture' (cattle meat and leather)
A12: fors = DeDuCE group 'Forest plantation'
A14: Regions: the 28 EPPA regions of eppa_afrc_regions_countries.csv. Countries with their own GTAP code are assigned directly; the 46 DeDuCE countries without one
A15: go to the EPPA region holding their GTAP residual region (sheet country_mapping, column basis). Two DeDuCE composites: 'SRB and MNE' (2001-2005) -> ROE;
... A24: Built 2026-10-06 from the Zenodo file downloaded 2026-09-18 (folder zenodo_v2.1), script build_eppa_defor.py.

Sheet periods
A1: period | B1: first year | C1: last year | D1: years
A2: 2007-2010 | B2: 2008 | C2: 2010 | D2: =C2-B2+1 -> 3
A3: 2010-2015 | B3: 2011 | C3: 2015 | D3: =C3-B3+1 -> 5
A4: 2015-2020 | B4: 2016 | C4: 2020 | D4: =C4-B4+1 -> 5
A5: 2020-2023 | B5: 2021 | C5: 2023 | D5: =C5-B5+1 -> 3
A7: Blue cells are inputs: 'A-B' = years A+1 to B. Edit first/last year and the rate and cumulative sheets recompute.

Sheet rates_ha_per_yr
A1: EPPA region | B1: region name | C1: ="crop "&periods!$A$2 -> crop 2007-2010 | D1: ="crop "&periods!$A$3 -> crop 2010-2015 | E1: ="crop "&periods!$A$4 -> crop 2015-2020 | F1: ="crop "&periods!$A$5 -> crop 2020-2023 | G1: ="live "&periods!$A$2 -> live 2007-2010 | H1: ="live "&periods!$A$3 -> live 2010-2015 | I1: ="live "&periods!$A$4 -> live 2015-2020 | J1: ="live "&periods!$A$5 -> live 2020-2023 | K1: ="fors "&periods!$A$2 -> fors 2007-2010 | L1: ="fors "&periods!$A$3 -> fors 2010-2015 | M1: ="fors "&periods!$A$4 -> fors 2015-2020 | N1: ="fors "&periods!$A$5 -> fors 2020-2023 | O1: ="total "&periods!$A$2 -> total 2007-2010 | P1: ="total "&periods!$A$3 -> total 2010-2015 | Q1: ="total "&periods!$A$4 -> total 2015-2020 | R1: ="total "&periods!$A$5 -> total 2020-2023
A2: hectares per year, average over the period's years
A3: USA | B3: United States of America | C3: =SUMPRODUCT((region_annual_ha!$A$2:$A$85=$A3)*(region_annual_ha!$B$2:$B$85="crop")*(region_annual_ha!$D$1:$Z$1>=periods!$B$2)*(region_annual_ha!$D$1:$Z$1<=periods!$C$2)*region_annual_ha!$D$2:$Z$85)/(periods!$C$2-periods!$B$2+1) -> 17635.589 | D3: =SUMPRODUCT((region_annual_ha!$A$2:$A$85=$A3)*(region_annual_ha!$B$2:$B$85="crop")*(region_annual_ha!$D$1:$Z$1>=periods!$B$3)*(region_annual_ha!$D$1:$Z$1<=periods!$C$3)*region_annual_ha!$D$2:$Z$85)/(periods!$C$3-periods!$B$3+1) -> 48593.917 | E3: =SUMPRODUCT((region_annual_ha!$A$2:$A$85=$A3)*(region_annual_ha!$B$2:$B$85="crop")*(region_annual_ha!$D$1:$Z$1>=periods!$B$4)*(region_annual_ha!$D$1:$Z$1<=periods!$C$4)*region_annual_ha!$D$2:$Z$85)/(periods!$C$4-periods!$B$4+1) -> 22616.094 | F3: =SUMPRODUCT((region_annual_ha!$A$2:$A$85=$A3)*(region_annual_ha!$B$2:$B$85="crop")*(region_annual_ha!$D$1:$Z$1>=periods!$B$5)*(region_annual_ha!$D$1:$Z$1<=periods!$C$5)*region_annual_ha!$D$2:$Z$85)/(periods!$C$5-periods!$B$5+1) -> 6667.1677 | G3: =SUMPRODUCT((region_annual_ha!$A$2:$A$85=$A3)*(region_annual_ha!$B$2:$B$85="live")*(region_annual_ha!$D$1:$Z$1>=periods!$B$2)*(region_annual_ha!$D$1:$Z$1<=periods!$C$2)*region_annual_ha!$D$2:$Z$85)/(periods!$C$2-periods!$B$2+1) -> 75655.572 | H3: =SUMPRODUCT((region_annual_ha!$A$2:$A$85=$A3)*(region_annual_ha!$B$2:$B$85="live")*(region_annual_ha!$D$1:$Z$1>=periods!$B$3)*(region_annual_ha!$D$1:$Z$1<=periods!$C$3)*region_annual_ha!$D$2:$Z$85)/(periods!$C$3-periods!$B$3+1) -> 46036.876 | I3: =SUMPRODUCT((region_annual_ha!$A$2:$A$85=$A3)*(region_annual_ha!$B$2:$B$85="live")*(region_annual_ha!$D$1:$Z$1>=periods!$B$4)*(region_annual_ha!$D$1:$Z$1<=periods!$C$4)*region_annual_ha!$D$2:$Z$85)/(periods!$C$4-periods!$B$4+1) -> 61863.139 | J3: =SUMPRODUCT((region_annual_ha!$A$2:$A$85=$A3)*(region_annual_ha!$B$2:$B$85="live")*(region_annual_ha!$D$1:$Z$1>=periods!$B$5)*(region_annual_ha!$D$1:$Z$1<=periods!$C$5)*region_annual_ha!$D$2:$Z$85)/(periods!$C$5-periods!$B$5+1) -> 39455.918 | K3: =SUMPRODUCT((region_annual_ha!$A$2:$A$85=$A3)*(region_annual_ha!$B$2:$B$85="fors")*(region_annual_ha!$D$1:$Z$1>=periods!$B$2)*(region_annual_ha!$D$1:$Z$1<=periods!$C$2)*region_annual_ha!$D$2:$Z$85)/(periods!$C$2-periods!$B$2+1) -> 201700 | L3: =SUMPRODUCT((region_annual_ha!$A$2:$A$85=$A3)*(region_annual_ha!$B$2:$B$85="fors")*(region_annual_ha!$D$1:$Z$1>=periods!$B$3)*(region_annual_ha!$D$1:$Z$1<=periods!$C$3)*region_annual_ha!$D$2:$Z$85)/(periods!$C$3-periods!$B$3+1) -> 183160 | M3: =SUMPRODUCT((region_annual_ha!$A$2:$A$85=$A3)*(region_annual_ha!$B$2:$B$85="fors")*(region_annual_ha!$D$1:$Z$1>=periods!$B$4)*(region_annual_ha!$D$1:$Z$1<=periods!$C$4)*region_annual_ha!$D$2:$Z$85)/(periods!$C$4-periods!$B$4+1) -> 59000 | N3: =SUMPRODUCT((region_annual_ha!$A$2:$A$85=$A3)*(region_annual_ha!$B$2:$B$85="fors")*(region_annual_ha!$D$1:$Z$1>=periods!$B$5)*(region_annual_ha!$D$1:$Z$1<=periods!$C$5)*region_annual_ha!$D$2:$Z$85)/(periods!$C$5-periods!$B$5+1) -> 0 | O3: =C3+G3+K3 -> 294991.16 | P3: =D3+H3+L3 -> 277790.79 | Q3: =E3+I3+M3 -> 143479.23 | R3: =F3+J3+N3 -> 46123.086
A4: CAN | B4: Canada | C4: =SUMPRODUCT((region_annual_ha!$A$2:$A$85=$A4)*(region_annual_ha!$B$2:$B$85="crop")*(region_annual_ha!$D$1:$Z$1>=periods!$B$2)*(region_annual_ha!$D$1:$Z$1<=periods!$C$2)*region_annual_ha!$D$2:$Z$85)/(periods!$C$2-periods!$B$2+1) -> 9062.0926 | D4: =SUMPRODUCT((region_annual_ha!$A$2:$A$85=$A4)*(region_annual_ha!$B$2:$B$85="crop")*(region_annual_ha!$D$1:$Z$1>=periods!$B$3)*(region_annual_ha!$D$1:$Z$1<=periods!$C$3)*region_annual_ha!$D$2:$Z$85)/(periods!$C$3-periods!$B$3+1) -> 22836.703 | E4: =SUMPRODUCT((region_annual_ha!$A$2:$A$85=$A4)*(region_annual_ha!$B$2:$B$85="crop")*(region_annual_ha!$D$1:$Z$1>=periods!$B$4)*(region_annual_ha!$D$1:$Z$1<=periods!$C$4)*region_annual_ha!$D$2:$Z$85)/(periods!$C$4-periods!$B$4+1) -> 7173.4741 | F4: =SUMPRODUCT((region_annual_ha!$A$2:$A$85=$A4)*(region_annual_ha!$B$2:$B$85="crop")*(region_annual_ha!$D$1:$Z$1>=periods!$B$5)*(region_annual_ha!$D$1:$Z$1<=periods!$C$5)*region_annual_ha!$D$2:$Z$85)/(periods!$C$5-periods!$B$5+1) -> 0 | G4: =SUMPRODUCT((region_annual_ha!$A$2:$A$85=$A4)*(region_annual_ha!$B$2:$B$85="live")*(region_annual_ha!$D$1:$Z$1>=periods!$B$2)*(region_annual_ha!$D$1:$Z$1<=periods!$C$2)*region_annual_ha!$D$2:$Z$85)/(periods!$C$2-periods!$B$2+1) -> 3382.6761 | H4: =SUMPRODUCT((region_annual_ha!$A$2:$A$85=$A4)*(region_annual_ha!$B$2:$B$85="live")*(region_annual_ha!$D$1:$Z$1>=periods!$B$3)*(region_annual_ha!$D$1:$Z$1<=periods!$C$3)*region_annual_ha!$D$2:$Z$85)/(periods!$C$3-periods!$B$3+1) -> 0 | I4: =SUMPRODUCT((region_annual_ha!$A$2:$A$85=$A4)*(region_annual_ha!$B$2:$B$85="live")*(region_annual_ha!$D$1:$Z$1>=periods!$B$4)*(region_annual_ha!$D$1:$Z$1<=periods!$C$4)*region_annual_ha!$D$2:$Z$85)/(periods!$C$4-periods!$B$4+1) -> 6266.9733 | J4: =SUMPRODUCT((region_annual_ha!$A$2:$A$85=$A4)*(region_annual_ha!$B$2:$B$85="live")*(region_annual_ha!$D$1:$Z$1>=periods!$B$5)*(region_annual_ha!$D$1:$Z$1<=periods!$C$5)*region_annual_ha!$D$2:$Z$85)/(periods!$C$5-periods!$B$5+1) -> 5417.053 | K4: =SUMPRODUCT((region_annual_ha!$A$2:$A$85=$A4)*(region_annual_ha!$B$2:$B$85="fors")*(region_annual_ha!$D$1:$Z$1>=periods!$B$2)*(region_annual_ha!$D$1:$Z$1<=periods!$C$2)*region_annual_ha!$D$2:$Z$85)/(periods!$C$2-periods!$B$2+1) -> 0 | L4: =SUMPRODUCT((region_annual_ha!$A$2:$A$85=$A4)*(region_annual_ha!$B$2:$B$85="fors")*(region_annual_ha!$D$1:$Z$1>=periods!$B$3)*(region_annual_ha!$D$1:$Z$1<=periods!$C$3)*region_annual_ha!$D$2:$Z$85)/(periods!$C$3-periods!$B$3+1) -> 0 | M4: =SUMPRODUCT((region_annual_ha!$A$2:$A$85=$A4)*(region_annual_ha!$B$2:$B$85="fors")*(region_annual_ha!$D$1:$Z$1>=periods!$B$4)*(region_annual_ha!$D$1:$Z$1<=periods!$C$4)*region_annual_ha!$D$2:$Z$85)/(periods!$C$4-periods!$B$4+1) -> 0 | N4: =SUMPRODUCT((region_annual_ha!$A$2:$A$85=$A4)*(region_annual_ha!$B$2:$B$85="fors")*(region_annual_ha!$D$1:$Z$1>=periods!$B$5)*(region_annual_ha!$D$1:$Z$1<=periods!$C$5)*region_annual_ha!$D$2:$Z$85)/(periods!$C$5-periods!$B$5+1) -> 0 | O4: =C4+G4+K4 -> 12444.769 | P4: =D4+H4+L4 -> 22836.703 | Q4: =E4+I4+M4 -> 13440.447 | R4: =F4+J4+N4 -> 5417.053
A5: MEX | B5: Mexico | C5: =SUMPRODUCT((region_annual_ha!$A$2:$A$85=$A5)*(region_annual_ha!$B$2:$B$85="crop")*(region_annual_ha!$D$1:$Z$1>=periods!$B$2)*(region_annual_ha!$D$1:$Z$1<=periods!$C$2)*region_annual_ha!$D$2:$Z$85)/(periods!$C$2-periods!$B$2+1) -> 7991.3682 | D5: =SUMPRODUCT((region_annual_ha!$A$2:$A$85=$A5)*(region_annual_ha!$B$2:$B$85="crop")*(region_annual_ha!$D$1:$Z$1>=periods!$B$3)*(region_annual_ha!$D$1:$Z$1<=periods!$C$3)*region_annual_ha!$D$2:$Z$85)/(periods!$C$3-periods!$B$3+1) -> 7144.4063 | E5: =SUMPRODUCT((region_annual_ha!$A$2:$A$85=$A5)*(region_annual_ha!$B$2:$B$85="crop")*(region_annual_ha!$D$1:$Z$1>=periods!$B$4)*(region_annual_ha!$D$1:$Z$1<=periods!$C$4)*region_annual_ha!$D$2:$Z$85)/(periods!$C$4-periods!$B$4+1) -> 120927.57 | F5: =SUMPRODUCT((region_annual_ha!$A$2:$A$85=$A5)*(region_annual_ha!$B$2:$B$85="crop")*(region_annual_ha!$D$1:$Z$1>=periods!$B$5)*(region_annual_ha!$D$1:$Z$1<=periods!$C$5)*region_annual_ha!$D$2:$Z$85)/(periods!$C$5-periods!$B$5+1) -> 0 | G5: =SUMPRODUCT((region_annual_ha!$A$2:$A$85=$A5)*(region_annual_ha!$B$2:$B$85="live")*(region_annual_ha!$D$1:$Z$1>=periods!$B$2)*(region_annual_ha!$D$1:$Z$1<=periods!$C$2)*region_annual_ha!$D$2:$Z$85)/(periods!$C$2-periods!$B$2+1) -> 0 | H5: =SUMPRODUCT((region_annual_ha!$A$2:$A$85=$A5)*(region_annual_ha!$B$2:$B$85="live")*(region_annual_ha!$D$1:$Z$1>=periods!$B$3)*(region_annual_ha!$D$1:$Z$1<=periods!$C$3)*region_annual_ha!$D$2:$Z$85)/(periods!$C$3-periods!$B$3+1) -> 22618.827 | I5: =SUMPRODUCT((region_annual_ha!$A$2:$A$85=$A5)*(region_annual_ha!$B$2:$B$85="live")*(region_annual_ha!$D$1:$Z$1>=periods!$B$4)*(region_annual_ha!$D$1:$Z$1<=periods!$C$4)*region_annual_ha!$D$2:$Z$85)/(periods!$C$4-periods!$B$4+1) -> 30007.771 | J5: =SUMPRODUCT((region_annual_ha!$A$2:$A$85=$A5)*(region_annual_ha!$B$2:$B$85="live")*(region_annual_ha!$D$1:$Z$1>=periods!$B$5)*(region_annual_ha!$D$1:$Z$1<=periods!$C$5)*region_annual_ha!$D$2:$Z$85)/(periods!$C$5-periods!$B$5+1) -> 43722.193 | K5: =SUMPRODUCT((region_annual_ha!$A$2:$A$85=$A5)*(region_annual_ha!$B$2:$B$85="fors")*(region_annual_ha!$D$1:$Z$1>=periods!$B$2)*(region_annual_ha!$D$1:$Z$1<=periods!$C$2)*region_annual_ha!$D$2:$Z$85)/(periods!$C$2-periods!$B$2+1) -> 2587.137 | L5: =SUMPRODUCT((region_annual_ha!$A$2:$A$85=$A5)*(region_annual_ha!$B$2:$B$85="fors")*(region_annual_ha!$D$1:$Z$1>=periods!$B$3)*(region_annual_ha!$D$1:$Z$1<=periods!$C$3)*region_annual_ha!$D$2:$Z$85)/(periods!$C$3-periods!$B$3+1) -> 1577.0362 | M5: =SUMPRODUCT((region_annual_ha!$A$2:$A$85=$A5)*(region_annual_ha!$B$2:$B$85="fors")*(region_annual_ha!$D$1:$Z$1>=periods!$B$4)*(region_annual_ha!$D$1:$Z$1<=periods!$C$4)*region_annual_ha!$D$2:$Z$85)/(periods!$C$4-periods!$B$4+1) -> 0 | N5: =SUMPRODUCT((region_annual_ha!$A$2:$A$85=$A5)*(region_annual_ha!$B$2:$B$85="fors")*(region_annual_ha!$D$1:$Z$1>=periods!$B$5)*(region_annual_ha!$D$1:$Z$1<=periods!$C$5)*region_annual_ha!$D$2:$Z$85)/(periods!$C$5-periods!$B$5+1) -> 0 | O5: =C5+G5+K5 -> 10578.505 | P5: =D5+H5+L5 -> 31340.269 | Q5: =E5+I5+M5 -> 150935.34 | R5: =F5+J5+N5 -> 43722.193
A6: JPN | B6: Japan | C6: =SUMPRODUCT((region_annual_ha!$A$2:$A$85=$A6)*(region_annual_ha!$B$2:$B$85="crop")*(region_annual_ha!$D$1:$Z$1>=periods!$B$2)*(region_annual_ha!$D$1:$Z$1<=periods!$C$2)*region_annual_ha!$D$2:$Z$85)/(periods!$C$2-periods!$B$2+1) -> 1596.4466 | D6: =SUMPRODUCT((region_annual_ha!$A$2:$A$85=$A6)*(region_annual_ha!$B$2:$B$85="crop")*(region_annual_ha!$D$1:$Z$1>=periods!$B$3)*(region_annual_ha!$D$1:$Z$1<=periods!$C$3)*region_annual_ha!$D$2:$Z$85)/(periods!$C$3-periods!$B$3+1) -> 1222.7145 | E6: =SUMPRODUCT((region_annual_ha!$A$2:$A$85=$A6)*(region_annual_ha!$B$2:$B$85="crop")*(region_annual_ha!$D$1:$Z$1>=periods!$B$4)*(region_annual_ha!$D$1:$Z$1<=periods!$C$4)*region_annual_ha!$D$2:$Z$85)/(periods!$C$4-periods!$B$4+1) -> 748.48155 | F6: =SUMPRODUCT((region_annual_ha!$A$2:$A$85=$A6)*(region_annual_ha!$B$2:$B$85="crop")*(region_annual_ha!$D$1:$Z$1>=periods!$B$5)*(region_annual_ha!$D$1:$Z$1<=periods!$C$5)*region_annual_ha!$D$2:$Z$85)/(periods!$C$5-periods!$B$5+1) -> 227.60148 | G6: =SUMPRODUCT((region_annual_ha!$A$2:$A$85=$A6)*(region_annual_ha!$B$2:$B$85="live")*(region_annual_ha!$D$1:$Z$1>=periods!$B$2)*(region_annual_ha!$D$1:$Z$1<=periods!$C$2)*region_annual_ha!$D$2:$Z$85)/(periods!$C$2-periods!$B$2+1) -> 119.78602 | H6: =SUMPRODUCT((region_annual_ha!$A$2:$A$85=$A6)*(region_annual_ha!$B$2:$B$85="live")*(region_annual_ha!$D$1:$Z$1>=periods!$B$3)*(region_annual_ha!$D$1:$Z$1<=periods!$C$3)*region_annual_ha!$D$2:$Z$85)/(periods!$C$3-periods!$B$3+1) -> 88.193475 | I6: =SUMPRODUCT((region_annual_ha!$A$2:$A$85=$A6)*(region_annual_ha!$B$2:$B$85="live")*(region_annual_ha!$D$1:$Z$1>=periods!$B$4)*(region_annual_ha!$D$1:$Z$1<=periods!$C$4)*region_annual_ha!$D$2:$Z$85)/(periods!$C$4-periods!$B$4+1) -> 105.4235 | J6: =SUMPRODUCT((region_annual_ha!$A$2:$A$85=$A6)*(region_annual_ha!$B$2:$B$85="live")*(region_annual_ha!$D$1:$Z$1>=periods!$B$5)*(region_annual_ha!$D$1:$Z$1<=periods!$C$5)*region_annual_ha!$D$2:$Z$85)/(periods!$C$5-periods!$B$5+1) -> 266.38853 | K6: =SUMPRODUCT((region_annual_ha!$A$2:$A$85=$A6)*(region_annual_ha!$B$2:$B$85="fors")*(region_annual_ha!$D$1:$Z$1>=periods!$B$2)*(region_annual_ha!$D$1:$Z$1<=periods!$C$2)*region_annual_ha!$D$2:$Z$85)/(periods!$C$2-periods!$B$2+1) -> 0 | L6: =SUMPRODUCT((region_annual_ha!$A$2:$A$85=$A6)*(region_annual_ha!$B$2:$B$85="fors")*(region_annual_ha!$D$1:$Z$1>=periods!$B$3)*(region_annual_ha!$D$1:$Z$1<=periods!$C$3)*region_annual_ha!$D$2:$Z$85)/(periods!$C$3-periods!$B$3+1) -> 0 | M6: =SUMPRODUCT((region_annual_ha!$A$2:$A$85=$A6)*(region_annual_ha!$B$2:$B$85="fors")*(region_annual_ha!$D$1:$Z$1>=periods!$B$4)*(region_annual_ha!$D$1:$Z$1<=periods!$C$4)*region_annual_ha!$D$2:$Z$85)/(periods!$C$4-periods!$B$4+1) -> 0 | N6: =SUMPRODUCT((region_annual_ha!$A$2:$A$85=$A6)*(region_annual_ha!$B$2:$B$85="fors")*(region_annual_ha!$D$1:$Z$1>=periods!$B$5)*(region_annual_ha!$D$1:$Z$1<=periods!$C$5)*region_annual_ha!$D$2:$Z$85)/(periods!$C$5-periods!$B$5+1) -> 0 | O6: =C6+G6+K6 -> 1716.2326 | P6: =D6+H6+L6 -> 1310.9079 | Q6: =E6+I6+M6 -> 853.90504 | R6: =F6+J6+N6 -> 493.99001
A7: ANZ | B7: Australia and New Zealand (+ rest of Oceania and rest of the world) | C7: =SUMPRODUCT((region_annual_ha!$A$2:$A$85=$A7)*(region_annual_ha!$B$2:$B$85="crop")*(region_annual_ha!$D$1:$Z$1>=periods!$B$2)*(region_annual_ha!$D$1:$Z$1<=periods!$C$2)*region_annual_ha!$D$2:$Z$85)/(periods!$C$2-periods!$B$2+1) -> 39379.243 | D7: =SUMPRODUCT((region_annual_ha!$A$2:$A$85=$A7)*(region_annual_ha!$B$2:$B$85="crop")*(region_annual_ha!$D$1:$Z$1>=periods!$B$3)*(region_annual_ha!$D$1:$Z$1<=periods!$C$3)*region_annual_ha!$D$2:$Z$85)/(periods!$C$3-periods!$B$3+1) -> 37103.197 | E7: =SUMPRODUCT((region_annual_ha!$A$2:$A$85=$A7)*(region_annual_ha!$B$2:$B$85="crop")*(region_annual_ha!$D$1:$Z$1>=periods!$B$4)*(region_annual_ha!$D$1:$Z$1<=periods!$C$4)*region_annual_ha!$D$2:$Z$85)/(periods!$C$4-periods!$B$4+1) -> 18131.262 | F7: =SUMPRODUCT((region_annual_ha!$A$2:$A$85=$A7)*(region_annual_ha!$B$2:$B$85="crop")*(region_annual_ha!$D$1:$Z$1>=periods!$B$5)*(region_annual_ha!$D$1:$Z$1<=periods!$C$5)*region_annual_ha!$D$2:$Z$85)/(periods!$C$5-periods!$B$5+1) -> 9480.5679 | G7: =SUMPRODUCT((region_annual_ha!$A$2:$A$85=$A7)*(region_annual_ha!$B$2:$B$85="live")*(region_annual_ha!$D$1:$Z$1>=periods!$B$2)*(region_annual_ha!$D$1:$Z$1<=periods!$C$2)*region_annual_ha!$D$2:$Z$85)/(periods!$C$2-periods!$B$2+1) -> 5934.1626 | H7: =SUMPRODUCT((region_annual_ha!$A$2:$A$85=$A7)*(region_annual_ha!$B$2:$B$85="live")*(region_annual_ha!$D$1:$Z$1>=periods!$B$3)*(region_annual_ha!$D$1:$Z$1<=periods!$C$3)*region_annual_ha!$D$2:$Z$85)/(periods!$C$3-periods!$B$3+1) -> 8061.7263 | I7: =SUMPRODUCT((region_annual_ha!$A$2:$A$85=$A7)*(region_annual_ha!$B$2:$B$85="live")*(region_annual_ha!$D$1:$Z$1>=periods!$B$4)*(region_annual_ha!$D$1:$Z$1<=periods!$C$4)*region_annual_ha!$D$2:$Z$85)/(periods!$C$4-periods!$B$4+1) -> 10764.456 | J7: =SUMPRODUCT((region_annual_ha!$A$2:$A$85=$A7)*(region_annual_ha!$B$2:$B$85="live")*(region_annual_ha!$D$1:$Z$1>=periods!$B$5)*(region_annual_ha!$D$1:$Z$1<=periods!$C$5)*region_annual_ha!$D$2:$Z$85)/(periods!$C$5-periods!$B$5+1) -> 10409.855 | K7: =SUMPRODUCT((region_annual_ha!$A$2:$A$85=$A7)*(region_annual_ha!$B$2:$B$85="fors")*(region_annual_ha!$D$1:$Z$1>=periods!$B$2)*(region_annual_ha!$D$1:$Z$1<=periods!$C$2)*region_annual_ha!$D$2:$Z$85)/(periods!$C$2-periods!$B$2+1) -> 14214.776 | L7: =SUMPRODUCT((region_annual_ha!$A$2:$A$85=$A7)*(region_annual_ha!$B$2:$B$85="fors")*(region_annual_ha!$D$1:$Z$1>=periods!$B$3)*(region_annual_ha!$D$1:$Z$1<=periods!$C$3)*region_annual_ha!$D$2:$Z$85)/(periods!$C$3-periods!$B$3+1) -> 3936.0003 | M7: =SUMPRODUCT((region_annual_ha!$A$2:$A$85=$A7)*(region_annual_ha!$B$2:$B$85="fors")*(region_annual_ha!$D$1:$Z$1>=periods!$B$4)*(region_annual_ha!$D$1:$Z$1<=periods!$C$4)*region_annual_ha!$D$2:$Z$85)/(periods!$C$4-periods!$B$4+1) -> 15084.351 | N7: =SUMPRODUCT((region_annual_ha!$A$2:$A$85=$A7)*(region_annual_ha!$B$2:$B$85="fors")*(region_annual_ha!$D$1:$Z$1>=periods!$B$5)*(region_annual_ha!$D$1:$Z$1<=periods!$C$5)*region_annual_ha!$D$2:$Z$85)/(periods!$C$5-periods!$B$5+1) -> 17600.927 | O7: =C7+G7+K7 -> 59528.181 | P7: =D7+H7+L7 -> 49100.923 | Q7: =E7+I7+M7 -> 43980.069 | R7: =F7+J7+N7 -> 37491.35
A8: EUR | B8: European Union 28 + EFTA | C8: =SUMPRODUCT((region_annual_ha!$A$2:$A$85=$A8)*(region_annual_ha!$B$2:$B$85="crop")*(region_annual_ha!$D$1:$Z$1>=periods!$B$2)*(region_annual_ha!$D$1:$Z$1<=periods!$C$2)*region_annual_ha!$D$2:$Z$85)/(periods!$C$2-periods!$B$2+1) -> 13010.023 | D8: =SUMPRODUCT((region_annual_ha!$A$2:$A$85=$A8)*(region_annual_ha!$B$2:$B$85="crop")*(region_annual_ha!$D$1:$Z$1>=periods!$B$3)*(region_annual_ha!$D$1:$Z$1<=periods!$C$3)*region_annual_ha!$D$2:$Z$85)/(periods!$C$3-periods!$B$3+1) -> 8716.1268 | E8: =SUMPRODUCT((region_annual_ha!$A$2:$A$85=$A8)*(region_annual_ha!$B$2:$B$85="crop")*(region_annual_ha!$D$1:$Z$1>=periods!$B$4)*(region_annual_ha!$D$1:$Z$1<=periods!$C$4)*region_annual_ha!$D$2:$Z$85)/(periods!$C$4-periods!$B$4+1) -> 9845.9764 | F8: =SUMPRODUCT((region_annual_ha!$A$2:$A$85=$A8)*(region_annual_ha!$B$2:$B$85="crop")*(region_annual_ha!$D$1:$Z$1>=periods!$B$5)*(region_annual_ha!$D$1:$Z$1<=periods!$C$5)*region_annual_ha!$D$2:$Z$85)/(periods!$C$5-periods!$B$5+1) -> 3044.7192 | G8: =SUMPRODUCT((region_annual_ha!$A$2:$A$85=$A8)*(region_annual_ha!$B$2:$B$85="live")*(region_annual_ha!$D$1:$Z$1>=periods!$B$2)*(region_annual_ha!$D$1:$Z$1<=periods!$C$2)*region_annual_ha!$D$2:$Z$85)/(periods!$C$2-periods!$B$2+1) -> 4556.2305 | H8: =SUMPRODUCT((region_annual_ha!$A$2:$A$85=$A8)*(region_annual_ha!$B$2:$B$85="live")*(region_annual_ha!$D$1:$Z$1>=periods!$B$3)*(region_annual_ha!$D$1:$Z$1<=periods!$C$3)*region_annual_ha!$D$2:$Z$85)/(periods!$C$3-periods!$B$3+1) -> 4626.6429 | I8: =SUMPRODUCT((region_annual_ha!$A$2:$A$85=$A8)*(region_annual_ha!$B$2:$B$85="live")*(region_annual_ha!$D$1:$Z$1>=periods!$B$4)*(region_annual_ha!$D$1:$Z$1<=periods!$C$4)*region_annual_ha!$D$2:$Z$85)/(periods!$C$4-periods!$B$4+1) -> 6182.3225 | J8: =SUMPRODUCT((region_annual_ha!$A$2:$A$85=$A8)*(region_annual_ha!$B$2:$B$85="live")*(region_annual_ha!$D$1:$Z$1>=periods!$B$5)*(region_annual_ha!$D$1:$Z$1<=periods!$C$5)*region_annual_ha!$D$2:$Z$85)/(periods!$C$5-periods!$B$5+1) -> 4474.4935 | K8: =SUMPRODUCT((region_annual_ha!$A$2:$A$85=$A8)*(region_annual_ha!$B$2:$B$85="fors")*(region_annual_ha!$D$1:$Z$1>=periods!$B$2)*(region_annual_ha!$D$1:$Z$1<=periods!$C$2)*region_annual_ha!$D$2:$Z$85)/(periods!$C$2-periods!$B$2+1) -> 20503.138 | L8: =SUMPRODUCT((region_annual_ha!$A$2:$A$85=$A8)*(region_annual_ha!$B$2:$B$85="fors")*(region_annual_ha!$D$1:$Z$1>=periods!$B$3)*(region_annual_ha!$D$1:$Z$1<=periods!$C$3)*region_annual_ha!$D$2:$Z$85)/(periods!$C$3-periods!$B$3+1) -> 5932.0249 | M8: =SUMPRODUCT((region_annual_ha!$A$2:$A$85=$A8)*(region_annual_ha!$B$2:$B$85="fors")*(region_annual_ha!$D$1:$Z$1>=periods!$B$4)*(region_annual_ha!$D$1:$Z$1<=periods!$C$4)*region_annual_ha!$D$2:$Z$85)/(periods!$C$4-periods!$B$4+1) -> 5923.6609 | N8: =SUMPRODUCT((region_annual_ha!$A$2:$A$85=$A8)*(region_annual_ha!$B$2:$B$85="fors")*(region_annual_ha!$D$1:$Z$1>=periods!$B$5)*(region_annual_ha!$D$1:$Z$1<=periods!$C$5)*region_annual_ha!$D$2:$Z$85)/(periods!$C$5-periods!$B$5+1) -> 6499.396 | O8: =C8+G8+K8 -> 38069.391 | P8: =D8+H8+L8 -> 19274.795 | Q8: =E8+I8+M8 -> 21951.96 | R8: =F8+J8+N8 -> 14018.609
A9: ROE | B9: Rest of Europe and Central Asia (incl. Turkey) | C9: =SUMPRODUCT((region_annual_ha!$A$2:$A$85=$A9)*(region_annual_ha!$B$2:$B$85="crop")*(region_annual_ha!$D$1:$Z$1>=periods!$B$2)*(region_annual_ha!$D$1:$Z$1<=periods!$C$2)*region_annual_ha!$D$2:$Z$85)/(periods!$C$2-periods!$B$2+1) -> 2470.8627 | D9: =SUMPRODUCT((region_annual_ha!$A$2:$A$85=$A9)*(region_annual_ha!$B$2:$B$85="crop")*(region_annual_ha!$D$1:$Z$1>=periods!$B$3)*(region_annual_ha!$D$1:$Z$1<=periods!$C$3)*region_annual_ha!$D$2:$Z$85)/(periods!$C$3-periods!$B$3+1) -> 3345.8874 | E9: =SUMPRODUCT((region_annual_ha!$A$2:$A$85=$A9)*(region_annual_ha!$B$2:$B$85="crop")*(region_annual_ha!$D$1:$Z$1>=periods!$B$4)*(region_annual_ha!$D$1:$Z$1<=periods!$C$4)*region_annual_ha!$D$2:$Z$85)/(periods!$C$4-periods!$B$4+1) -> 5774.5608 | F9: =SUMPRODUCT((region_annual_ha!$A$2:$A$85=$A9)*(region_annual_ha!$B$2:$B$85="crop")*(region_annual_ha!$D$1:$Z$1>=periods!$B$5)*(region_annual_ha!$D$1:$Z$1<=periods!$C$5)*region_annual_ha!$D$2:$Z$85)/(periods!$C$5-periods!$B$5+1) -> 975.02984 | G9: =SUMPRODUCT((region_annual_ha!$A$2:$A$85=$A9)*(region_annual_ha!$B$2:$B$85="live")*(region_annual_ha!$D$1:$Z$1>=periods!$B$2)*(region_annual_ha!$D$1:$Z$1<=periods!$C$2)*region_annual_ha!$D$2:$Z$85)/(periods!$C$2-periods!$B$2+1) -> 1115.7724 | H9: =SUMPRODUCT((region_annual_ha!$A$2:$A$85=$A9)*(region_annual_ha!$B$2:$B$85="live")*(region_annual_ha!$D$1:$Z$1>=periods!$B$3)*(region_annual_ha!$D$1:$Z$1<=periods!$C$3)*region_annual_ha!$D$2:$Z$85)/(periods!$C$3-periods!$B$3+1) -> 457.42877 | I9: =SUMPRODUCT((region_annual_ha!$A$2:$A$85=$A9)*(region_annual_ha!$B$2:$B$85="live")*(region_annual_ha!$D$1:$Z$1>=periods!$B$4)*(region_annual_ha!$D$1:$Z$1<=periods!$C$4)*region_annual_ha!$D$2:$Z$85)/(periods!$C$4-periods!$B$4+1) -> 584.45781 | J9: =SUMPRODUCT((region_annual_ha!$A$2:$A$85=$A9)*(region_annual_ha!$B$2:$B$85="live")*(region_annual_ha!$D$1:$Z$1>=periods!$B$5)*(region_annual_ha!$D$1:$Z$1<=periods!$C$5)*region_annual_ha!$D$2:$Z$85)/(periods!$C$5-periods!$B$5+1) -> 565.85134 | K9: =SUMPRODUCT((region_annual_ha!$A$2:$A$85=$A9)*(region_annual_ha!$B$2:$B$85="fors")*(region_annual_ha!$D$1:$Z$1>=periods!$B$2)*(region_annual_ha!$D$1:$Z$1<=periods!$C$2)*region_annual_ha!$D$2:$Z$85)/(periods!$C$2-periods!$B$2+1) -> 5791.5992 | L9: =SUMPRODUCT((region_annual_ha!$A$2:$A$85=$A9)*(region_annual_ha!$B$2:$B$85="fors")*(region_annual_ha!$D$1:$Z$1>=periods!$B$3)*(region_annual_ha!$D$1:$Z$1<=periods!$C$3)*region_annual_ha!$D$2:$Z$85)/(periods!$C$3-periods!$B$3+1) -> 5723.6248 | M9: =SUMPRODUCT((region_annual_ha!$A$2:$A$85=$A9)*(region_annual_ha!$B$2:$B$85="fors")*(region_annual_ha!$D$1:$Z$1>=periods!$B$4)*(region_annual_ha!$D$1:$Z$1<=periods!$C$4)*region_annual_ha!$D$2:$Z$85)/(periods!$C$4-periods!$B$4+1) -> 1885.3676 | N9: =SUMPRODUCT((region_annual_ha!$A$2:$A$85=$A9)*(region_annual_ha!$B$2:$B$85="fors")*(region_annual_ha!$D$1:$Z$1>=periods!$B$5)*(region_annual_ha!$D$1:$Z$1<=periods!$C$5)*region_annual_ha!$D$2:$Z$85)/(periods!$C$5-periods!$B$5+1) -> 1736.5691 | O9: =C9+G9+K9 -> 9378.2342 | P9: =D9+H9+L9 -> 9526.9409 | Q9: =E9+I9+M9 -> 8244.3862 | R9: =F9+J9+N9 -> 3277.4503
A10: RUS | B10: Russia | C10: =SUMPRODUCT((region_annual_ha!$A$2:$A$85=$A10)*(region_annual_ha!$B$2:$B$85="crop")*(region_annual_ha!$D$1:$Z$1>=periods!$B$2)*(region_annual_ha!$D$1:$Z$1<=periods!$C$2)*region_annual_ha!$D$2:$Z$85)/(periods!$C$2-periods!$B$2+1) -> 6412.9035 | D10: =SUMPRODUCT((region_annual_ha!$A$2:$A$85=$A10)*(region_annual_ha!$B$2:$B$85="crop")*(region_annual_ha!$D$1:$Z$1>=periods!$B$3)*(region_annual_ha!$D$1:$Z$1<=periods!$C$3)*region_annual_ha!$D$2:$Z$85)/(periods!$C$3-periods!$B$3+1) -> 6589.639 | E10: =SUMPRODUCT((region_annual_ha!$A$2:$A$85=$A10)*(region_annual_ha!$B$2:$B$85="crop")*(region_annual_ha!$D$1:$Z$1>=periods!$B$4)*(region_annual_ha!$D$1:$Z$1<=periods!$C$4)*region_annual_ha!$D$2:$Z$85)/(periods!$C$4-periods!$B$4+1) -> 4938.2694 | F10: =SUMPRODUCT((region_annual_ha!$A$2:$A$85=$A10)*(region_annual_ha!$B$2:$B$85="crop")*(region_annual_ha!$D$1:$Z$1>=periods!$B$5)*(region_annual_ha!$D$1:$Z$1<=periods!$C$5)*region_annual_ha!$D$2:$Z$85)/(periods!$C$5-periods!$B$5+1) -> 1116.5535 | G10: =SUMPRODUCT((region_annual_ha!$A$2:$A$85=$A10)*(region_annual_ha!$B$2:$B$85="live")*(region_annual_ha!$D$1:$Z$1>=periods!$B$2)*(region_annual_ha!$D$1:$Z$1<=periods!$C$2)*region_annual_ha!$D$2:$Z$85)/(periods!$C$2-periods!$B$2+1) -> 9323.8304 | H10: =SUMPRODUCT((region_annual_ha!$A$2:$A$85=$A10)*(region_annual_ha!$B$2:$B$85="live")*(region_annual_ha!$D$1:$Z$1>=periods!$B$3)*(region_annual_ha!$D$1:$Z$1<=periods!$C$3)*region_annual_ha!$D$2:$Z$85)/(periods!$C$3-periods!$B$3+1) -> 9952.179 | I10: =SUMPRODUCT((region_annual_ha!$A$2:$A$85=$A10)*(region_annual_ha!$B$2:$B$85="live")*(region_annual_ha!$D$1:$Z$1>=periods!$B$4)*(region_annual_ha!$D$1:$Z$1<=periods!$C$4)*region_annual_ha!$D$2:$Z$85)/(periods!$C$4-periods!$B$4+1) -> 4037.872 | J10: =SUMPRODUCT((region_annual_ha!$A$2:$A$85=$A10)*(region_annual_ha!$B$2:$B$85="live")*(region_annual_ha!$D$1:$Z$1>=periods!$B$5)*(region_annual_ha!$D$1:$Z$1<=periods!$C$5)*region_annual_ha!$D$2:$Z$85)/(periods!$C$5-periods!$B$5+1) -> 1994.1205 | K10: =SUMPRODUCT((region_annual_ha!$A$2:$A$85=$A10)*(region_annual_ha!$B$2:$B$85="fors")*(region_annual_ha!$D$1:$Z$1>=periods!$B$2)*(region_annual_ha!$D$1:$Z$1<=periods!$C$2)*region_annual_ha!$D$2:$Z$85)/(periods!$C$2-periods!$B$2+1) -> 0 | L10: =SUMPRODUCT((region_annual_ha!$A$2:$A$85=$A10)*(region_annual_ha!$B$2:$B$85="fors")*(region_annual_ha!$D$1:$Z$1>=periods!$B$3)*(region_annual_ha!$D$1:$Z$1<=periods!$C$3)*region_annual_ha!$D$2:$Z$85)/(periods!$C$3-periods!$B$3+1) -> 0 | M10: =SUMPRODUCT((region_annual_ha!$A$2:$A$85=$A10)*(region_annual_ha!$B$2:$B$85="fors")*(region_annual_ha!$D$1:$Z$1>=periods!$B$4)*(region_annual_ha!$D$1:$Z$1<=periods!$C$4)*region_annual_ha!$D$2:$Z$85)/(periods!$C$4-periods!$B$4+1) -> 0 | N10: =SUMPRODUCT((region_annual_ha!$A$2:$A$85=$A10)*(region_annual_ha!$B$2:$B$85="fors")*(region_annual_ha!$D$1:$Z$1>=periods!$B$5)*(region_annual_ha!$D$1:$Z$1<=periods!$C$5)*region_annual_ha!$D$2:$Z$85)/(periods!$C$5-periods!$B$5+1) -> 0 | O10: =C10+G10+K10 -> 15736.734 | P10: =D10+H10+L10 -> 16541.818 | Q10: =E10+I10+M10 -> 8976.1413 | R10: =F10+J10+N10 -> 3110.674
A11: ASI | B11: Dynamic Asia (Southeast Asia) | C11: =SUMPRODUCT((region_annual_ha!$A$2:$A$85=$A11)*(region_annual_ha!$B$2:$B$85="crop")*(region_annual_ha!$D$1:$Z$1>=periods!$B$2)*(region_annual_ha!$D$1:$Z$1<=periods!$C$2)*region_annual_ha!$D$2:$Z$85)/(periods!$C$2-periods!$B$2+1) -> 230627.71 | D11: =SUMPRODUCT((region_annual_ha!$A$2:$A$85=$A11)*(region_annual_ha!$B$2:$B$85="crop")*(region_annual_ha!$D$1:$Z$1>=periods!$B$3)*(region_annual_ha!$D$1:$Z$1<=periods!$C$3)*region_annual_ha!$D$2:$Z$85)/(periods!$C$3-periods!$B$3+1) -> 201406.34 | E11: =SUMPRODUCT((region_annual_ha!$A$2:$A$85=$A11)*(region_annual_ha!$B$2:$B$85="crop")*(region_annual_ha!$D$1:$Z$1>=periods!$B$4)*(region_annual_ha!$D$1:$Z$1<=periods!$C$4)*region_annual_ha!$D$2:$Z$85)/(periods!$C$4-periods!$B$4+1) -> 190319.42 | F11: =SUMPRODUCT((region_annual_ha!$A$2:$A$85=$A11)*(region_annual_ha!$B$2:$B$85="crop")*(region_annual_ha!$D$1:$Z$1>=periods!$B$5)*(region_annual_ha!$D$1:$Z$1<=periods!$C$5)*region_annual_ha!$D$2:$Z$85)/(periods!$C$5-periods!$B$5+1) -> 100011.91 | G11: =SUMPRODUCT((region_annual_ha!$A$2:$A$85=$A11)*(region_annual_ha!$B$2:$B$85="live")*(region_annual_ha!$D$1:$Z$1>=periods!$B$2)*(region_annual_ha!$D$1:$Z$1<=periods!$C$2)*region_annual_ha!$D$2:$Z$85)/(periods!$C$2-periods!$B$2+1) -> 13136.083 | H11: =SUMPRODUCT((region_annual_ha!$A$2:$A$85=$A11)*(region_annual_ha!$B$2:$B$85="live")*(region_annual_ha!$D$1:$Z$1>=periods!$B$3)*(region_annual_ha!$D$1:$Z$1<=periods!$C$3)*region_annual_ha!$D$2:$Z$85)/(periods!$C$3-periods!$B$3+1) -> 21613.721 | I11: =SUMPRODUCT((region_annual_ha!$A$2:$A$85=$A11)*(region_annual_ha!$B$2:$B$85="live")*(region_annual_ha!$D$1:$Z$1>=periods!$B$4)*(region_annual_ha!$D$1:$Z$1<=periods!$C$4)*region_annual_ha!$D$2:$Z$85)/(periods!$C$4-periods!$B$4+1) -> 26363.798 | J11: =SUMPRODUCT((region_annual_ha!$A$2:$A$85=$A11)*(region_annual_ha!$B$2:$B$85="live")*(region_annual_ha!$D$1:$Z$1>=periods!$B$5)*(region_annual_ha!$D$1:$Z$1<=periods!$C$5)*region_annual_ha!$D$2:$Z$85)/(periods!$C$5-periods!$B$5+1) -> 46822.172 | K11: =SUMPRODUCT((region_annual_ha!$A$2:$A$85=$A11)*(region_annual_ha!$B$2:$B$85="fors")*(region_annual_ha!$D$1:$Z$1>=periods!$B$2)*(region_annual_ha!$D$1:$Z$1<=periods!$C$2)*region_annual_ha!$D$2:$Z$85)/(periods!$C$2-periods!$B$2+1) -> 34765.77 | L11: =SUMPRODUCT((region_annual_ha!$A$2:$A$85=$A11)*(region_annual_ha!$B$2:$B$85="fors")*(region_annual_ha!$D$1:$Z$1>=periods!$B$3)*(region_annual_ha!$D$1:$Z$1<=periods!$C$3)*region_annual_ha!$D$2:$Z$85)/(periods!$C$3-periods!$B$3+1) -> 40975.702 | M11: =SUMPRODUCT((region_annual_ha!$A$2:$A$85=$A11)*(region_annual_ha!$B$2:$B$85="fors")*(region_annual_ha!$D$1:$Z$1>=periods!$B$4)*(region_annual_ha!$D$1:$Z$1<=periods!$C$4)*region_annual_ha!$D$2:$Z$85)/(periods!$C$4-periods!$B$4+1) -> 2400.5911 | N11: =SUMPRODUCT((region_annual_ha!$A$2:$A$85=$A11)*(region_annual_ha!$B$2:$B$85="fors")*(region_annual_ha!$D$1:$Z$1>=periods!$B$5)*(region_annual_ha!$D$1:$Z$1<=periods!$C$5)*region_annual_ha!$D$2:$Z$85)/(periods!$C$5-periods!$B$5+1) -> 1587.8425 | O11: =C11+G11+K11 -> 278529.56 | P11: =D11+H11+L11 -> 263995.76 | Q11: =E11+I11+M11 -> 219083.81 | R11: =F11+J11+N11 -> 148421.92
A12: CHN | B12: China and Hong Kong | C12: =SUMPRODUCT((region_annual_ha!$A$2:$A$85=$A12)*(region_annual_ha!$B$2:$B$85="crop")*(region_annual_ha!$D$1:$Z$1>=periods!$B$2)*(region_annual_ha!$D$1:$Z$1<=periods!$C$2)*region_annual_ha!$D$2:$Z$85)/(periods!$C$2-periods!$B$2+1) -> 18664.729 | D12: =SUMPRODUCT((region_annual_ha!$A$2:$A$85=$A12)*(region_annual_ha!$B$2:$B$85="crop")*(region_annual_ha!$D$1:$Z$1>=periods!$B$3)*(region_annual_ha!$D$1:$Z$1<=periods!$C$3)*region_annual_ha!$D$2:$Z$85)/(periods!$C$3-periods!$B$3+1) -> 13218.081 | E12: =SUMPRODUCT((region_annual_ha!$A$2:$A$85=$A12)*(region_annual_ha!$B$2:$B$85="crop")*(region_annual_ha!$D$1:$Z$1>=periods!$B$4)*(region_annual_ha!$D$1:$Z$1<=periods!$C$4)*region_annual_ha!$D$2:$Z$85)/(periods!$C$4-periods!$B$4+1) -> 29911.338 | F12: =SUMPRODUCT((region_annual_ha!$A$2:$A$85=$A12)*(region_annual_ha!$B$2:$B$85="crop")*(region_annual_ha!$D$1:$Z$1>=periods!$B$5)*(region_annual_ha!$D$1:$Z$1<=periods!$C$5)*region_annual_ha!$D$2:$Z$85)/(periods!$C$5-periods!$B$5+1) -> 21290.316 | G12: =SUMPRODUCT((region_annual_ha!$A$2:$A$85=$A12)*(region_annual_ha!$B$2:$B$85="live")*(region_annual_ha!$D$1:$Z$1>=periods!$B$2)*(region_annual_ha!$D$1:$Z$1<=periods!$C$2)*region_annual_ha!$D$2:$Z$85)/(periods!$C$2-periods!$B$2+1) -> 49718.418 | H12: =SUMPRODUCT((region_annual_ha!$A$2:$A$85=$A12)*(region_annual_ha!$B$2:$B$85="live")*(region_annual_ha!$D$1:$Z$1>=periods!$B$3)*(region_annual_ha!$D$1:$Z$1<=periods!$C$3)*region_annual_ha!$D$2:$Z$85)/(periods!$C$3-periods!$B$3+1) -> 48731.823 | I12: =SUMPRODUCT((region_annual_ha!$A$2:$A$85=$A12)*(region_annual_ha!$B$2:$B$85="live")*(region_annual_ha!$D$1:$Z$1>=periods!$B$4)*(region_annual_ha!$D$1:$Z$1<=periods!$C$4)*region_annual_ha!$D$2:$Z$85)/(periods!$C$4-periods!$B$4+1) -> 39208.584 | J12: =SUMPRODUCT((region_annual_ha!$A$2:$A$85=$A12)*(region_annual_ha!$B$2:$B$85="live")*(region_annual_ha!$D$1:$Z$1>=periods!$B$5)*(region_annual_ha!$D$1:$Z$1<=periods!$C$5)*region_annual_ha!$D$2:$Z$85)/(periods!$C$5-periods!$B$5+1) -> 22837.236 | K12: =SUMPRODUCT((region_annual_ha!$A$2:$A$85=$A12)*(region_annual_ha!$B$2:$B$85="fors")*(region_annual_ha!$D$1:$Z$1>=periods!$B$2)*(region_annual_ha!$D$1:$Z$1<=periods!$C$2)*region_annual_ha!$D$2:$Z$85)/(periods!$C$2-periods!$B$2+1) -> 213523.33 | L12: =SUMPRODUCT((region_annual_ha!$A$2:$A$85=$A12)*(region_annual_ha!$B$2:$B$85="fors")*(region_annual_ha!$D$1:$Z$1>=periods!$B$3)*(region_annual_ha!$D$1:$Z$1<=periods!$C$3)*region_annual_ha!$D$2:$Z$85)/(periods!$C$3-periods!$B$3+1) -> 235829.55 | M12: =SUMPRODUCT((region_annual_ha!$A$2:$A$85=$A12)*(region_annual_ha!$B$2:$B$85="fors")*(region_annual_ha!$D$1:$Z$1>=periods!$B$4)*(region_annual_ha!$D$1:$Z$1<=periods!$C$4)*region_annual_ha!$D$2:$Z$85)/(periods!$C$4-periods!$B$4+1) -> 347362.51 | N12: =SUMPRODUCT((region_annual_ha!$A$2:$A$85=$A12)*(region_annual_ha!$B$2:$B$85="fors")*(region_annual_ha!$D$1:$Z$1>=periods!$B$5)*(region_annual_ha!$D$1:$Z$1<=periods!$C$5)*region_annual_ha!$D$2:$Z$85)/(periods!$C$5-periods!$B$5+1) -> 395369.76 | O12: =C12+G12+K12 -> 281906.48 | P12: =D12+H12+L12 -> 297779.45 | Q12: =E12+I12+M12 -> 416482.44 | R12: =F12+J12+N12 -> 439497.31
A13: IND | B13: India | C13: =SUMPRODUCT((region_annual_ha!$A$2:$A$85=$A13)*(region_annual_ha!$B$2:$B$85="crop")*(region_annual_ha!$D$1:$Z$1>=periods!$B$2)*(region_annual_ha!$D$1:$Z$1<=periods!$C$2)*region_annual_ha!$D$2:$Z$85)/(periods!$C$2-periods!$B$2+1) -> 32946.971 | D13: =SUMPRODUCT((region_annual_ha!$A$2:$A$85=$A13)*(region_annual_ha!$B$2:$B$85="crop")*(region_annual_ha!$D$1:$Z$1>=periods!$B$3)*(region_annual_ha!$D$1:$Z$1<=periods!$C$3)*region_annual_ha!$D$2:$Z$85)/(periods!$C$3-periods!$B$3+1) -> 40650.303 | E13: =SUMPRODUCT((region_annual_ha!$A$2:$A$85=$A13)*(region_annual_ha!$B$2:$B$85="crop")*(region_annual_ha!$D$1:$Z$1>=periods!$B$4)*(region_annual_ha!$D$1:$Z$1<=periods!$C$4)*region_annual_ha!$D$2:$Z$85)/(periods!$C$4-periods!$B$4+1) -> 57358.325 | F13: =SUMPRODUCT((region_annual_ha!$A$2:$A$85=$A13)*(region_annual_ha!$B$2:$B$85="crop")*(region_annual_ha!$D$1:$Z$1>=periods!$B$5)*(region_annual_ha!$D$1:$Z$1<=periods!$C$5)*region_annual_ha!$D$2:$Z$85)/(periods!$C$5-periods!$B$5+1) -> 115079.46 | G13: =SUMPRODUCT((region_annual_ha!$A$2:$A$85=$A13)*(region_annual_ha!$B$2:$B$85="live")*(region_annual_ha!$D$1:$Z$1>=periods!$B$2)*(region_annual_ha!$D$1:$Z$1<=periods!$C$2)*region_annual_ha!$D$2:$Z$85)/(periods!$C$2-periods!$B$2+1) -> 9553.5266 | H13: =SUMPRODUCT((region_annual_ha!$A$2:$A$85=$A13)*(region_annual_ha!$B$2:$B$85="live")*(region_annual_ha!$D$1:$Z$1>=periods!$B$3)*(region_annual_ha!$D$1:$Z$1<=periods!$C$3)*region_annual_ha!$D$2:$Z$85)/(periods!$C$3-periods!$B$3+1) -> 40449.563 | I13: =SUMPRODUCT((region_annual_ha!$A$2:$A$85=$A13)*(region_annual_ha!$B$2:$B$85="live")*(region_annual_ha!$D$1:$Z$1>=periods!$B$4)*(region_annual_ha!$D$1:$Z$1<=periods!$C$4)*region_annual_ha!$D$2:$Z$85)/(periods!$C$4-periods!$B$4+1) -> 70922.325 | J13: =SUMPRODUCT((region_annual_ha!$A$2:$A$85=$A13)*(region_annual_ha!$B$2:$B$85="live")*(region_annual_ha!$D$1:$Z$1>=periods!$B$5)*(region_annual_ha!$D$1:$Z$1<=periods!$C$5)*region_annual_ha!$D$2:$Z$85)/(periods!$C$5-periods!$B$5+1) -> 2256.8525 | K13: =SUMPRODUCT((region_annual_ha!$A$2:$A$85=$A13)*(region_annual_ha!$B$2:$B$85="fors")*(region_annual_ha!$D$1:$Z$1>=periods!$B$2)*(region_annual_ha!$D$1:$Z$1<=periods!$C$2)*region_annual_ha!$D$2:$Z$85)/(periods!$C$2-periods!$B$2+1) -> 7637.1535 | L13: =SUMPRODUCT((region_annual_ha!$A$2:$A$85=$A13)*(region_annual_ha!$B$2:$B$85="fors")*(region_annual_ha!$D$1:$Z$1>=periods!$B$3)*(region_annual_ha!$D$1:$Z$1<=periods!$C$3)*region_annual_ha!$D$2:$Z$85)/(periods!$C$3-periods!$B$3+1) -> 10193.116 | M13: =SUMPRODUCT((region_annual_ha!$A$2:$A$85=$A13)*(region_annual_ha!$B$2:$B$85="fors")*(region_annual_ha!$D$1:$Z$1>=periods!$B$4)*(region_annual_ha!$D$1:$Z$1<=periods!$C$4)*region_annual_ha!$D$2:$Z$85)/(periods!$C$4-periods!$B$4+1) -> 9940.0494 | N13: =SUMPRODUCT((region_annual_ha!$A$2:$A$85=$A13)*(region_annual_ha!$B$2:$B$85="fors")*(region_annual_ha!$D$1:$Z$1>=periods!$B$5)*(region_annual_ha!$D$1:$Z$1<=periods!$C$5)*region_annual_ha!$D$2:$Z$85)/(periods!$C$5-periods!$B$5+1) -> 8559.502 | O13: =C13+G13+K13 -> 50137.651 | P13: =D13+H13+L13 -> 91292.982 | Q13: =E13+I13+M13 -> 138220.7 | R13: =F13+J13+N13 -> 125895.82
A14: BRA | B14: Brazil | C14: =SUMPRODUCT((region_annual_ha!$A$2:$A$85=$A14)*(region_annual_ha!$B$2:$B$85="crop")*(region_annual_ha!$D$1:$Z$1>=periods!$B$2)*(region_annual_ha!$D$1:$Z$1<=periods!$C$2)*region_annual_ha!$D$2:$Z$85)/(periods!$C$2-periods!$B$2+1) -> 220424.47 | D14: =SUMPRODUCT((region_annual_ha!$A$2:$A$85=$A14)*(region_annual_ha!$B$2:$B$85="crop")*(region_annual_ha!$D$1:$Z$1>=periods!$B$3)*(region_annual_ha!$D$1:$Z$1<=periods!$C$3)*region_annual_ha!$D$2:$Z$85)/(periods!$C$3-periods!$B$3+1) -> 227997.75 | E14: =SUMPRODUCT((region_annual_ha!$A$2:$A$85=$A14)*(region_annual_ha!$B$2:$B$85="crop")*(region_annual_ha!$D$1:$Z$1>=periods!$B$4)*(region_annual_ha!$D$1:$Z$1<=periods!$C$4)*region_annual_ha!$D$2:$Z$85)/(periods!$C$4-periods!$B$4+1) -> 168835.6 | F14: =SUMPRODUCT((region_annual_ha!$A$2:$A$85=$A14)*(region_annual_ha!$B$2:$B$85="crop")*(region_annual_ha!$D$1:$Z$1>=periods!$B$5)*(region_annual_ha!$D$1:$Z$1<=periods!$C$5)*region_annual_ha!$D$2:$Z$85)/(periods!$C$5-periods!$B$5+1) -> 139104.72 | G14: =SUMPRODUCT((region_annual_ha!$A$2:$A$85=$A14)*(region_annual_ha!$B$2:$B$85="live")*(region_annual_ha!$D$1:$Z$1>=periods!$B$2)*(region_annual_ha!$D$1:$Z$1<=periods!$C$2)*region_annual_ha!$D$2:$Z$85)/(periods!$C$2-periods!$B$2+1) -> 1187228.2 | H14: =SUMPRODUCT((region_annual_ha!$A$2:$A$85=$A14)*(region_annual_ha!$B$2:$B$85="live")*(region_annual_ha!$D$1:$Z$1>=periods!$B$3)*(region_annual_ha!$D$1:$Z$1<=periods!$C$3)*region_annual_ha!$D$2:$Z$85)/(periods!$C$3-periods!$B$3+1) -> 1023102.1 | I14: =SUMPRODUCT((region_annual_ha!$A$2:$A$85=$A14)*(region_annual_ha!$B$2:$B$85="live")*(region_annual_ha!$D$1:$Z$1>=periods!$B$4)*(region_annual_ha!$D$1:$Z$1<=periods!$C$4)*region_annual_ha!$D$2:$Z$85)/(periods!$C$4-periods!$B$4+1) -> 1463738.5 | J14: =SUMPRODUCT((region_annual_ha!$A$2:$A$85=$A14)*(region_annual_ha!$B$2:$B$85="live")*(region_annual_ha!$D$1:$Z$1>=periods!$B$5)*(region_annual_ha!$D$1:$Z$1<=periods!$C$5)*region_annual_ha!$D$2:$Z$85)/(periods!$C$5-periods!$B$5+1) -> 1470065.7 | K14: =SUMPRODUCT((region_annual_ha!$A$2:$A$85=$A14)*(region_annual_ha!$B$2:$B$85="fors")*(region_annual_ha!$D$1:$Z$1>=periods!$B$2)*(region_annual_ha!$D$1:$Z$1<=periods!$C$2)*region_annual_ha!$D$2:$Z$85)/(periods!$C$2-periods!$B$2+1) -> 12505.07 | L14: =SUMPRODUCT((region_annual_ha!$A$2:$A$85=$A14)*(region_annual_ha!$B$2:$B$85="fors")*(region_annual_ha!$D$1:$Z$1>=periods!$B$3)*(region_annual_ha!$D$1:$Z$1<=periods!$C$3)*region_annual_ha!$D$2:$Z$85)/(periods!$C$3-periods!$B$3+1) -> 31881.63 | M14: =SUMPRODUCT((region_annual_ha!$A$2:$A$85=$A14)*(region_annual_ha!$B$2:$B$85="fors")*(region_annual_ha!$D$1:$Z$1>=periods!$B$4)*(region_annual_ha!$D$1:$Z$1<=periods!$C$4)*region_annual_ha!$D$2:$Z$85)/(periods!$C$4-periods!$B$4+1) -> 47954.496 | N14: =SUMPRODUCT((region_annual_ha!$A$2:$A$85=$A14)*(region_annual_ha!$B$2:$B$85="fors")*(region_annual_ha!$D$1:$Z$1>=periods!$B$5)*(region_annual_ha!$D$1:$Z$1<=periods!$C$5)*region_annual_ha!$D$2:$Z$85)/(periods!$C$5-periods!$B$5+1) -> 45170.02 | O14: =C14+G14+K14 -> 1420157.8 | P14: =D14+H14+L14 -> 1282981.4 | Q14: =E14+I14+M14 -> 1680528.6 | R14: =F14+J14+N14 -> 1654340.5
... A30: IDZ | B30: Indonesia | C30: =SUMPRODUCT((region_annual_ha!$A$2:$A$85=$A30)*(region_annual_ha!$B$2:$B$85="crop")*(region_annual_ha!$D$1:$Z$1>=periods!$B$2)*(region_annual_ha!$D$1:$Z$1<=periods!$C$2)*region_annual_ha!$D$2:$Z$85)/(periods!$C$2-periods!$B$2+1) -> 715876.52 | D30: =SUMPRODUCT((region_annual_ha!$A$2:$A$85=$A30)*(region_annual_ha!$B$2:$B$85="crop")*(region_annual_ha!$D$1:$Z$1>=periods!$B$3)*(region_annual_ha!$D$1:$Z$1<=periods!$C$3)*region_annual_ha!$D$2:$Z$85)/(periods!$C$3-periods!$B$3+1) -> 639106.16 | E30: =SUMPRODUCT((region_annual_ha!$A$2:$A$85=$A30)*(region_annual_ha!$B$2:$B$85="crop")*(region_annual_ha!$D$1:$Z$1>=periods!$B$4)*(region_annual_ha!$D$1:$Z$1<=periods!$C$4)*region_annual_ha!$D$2:$Z$85)/(periods!$C$4-periods!$B$4+1) -> 278707.3 | F30: =SUMPRODUCT((region_annual_ha!$A$2:$A$85=$A30)*(region_annual_ha!$B$2:$B$85="crop")*(region_annual_ha!$D$1:$Z$1>=periods!$B$5)*(region_annual_ha!$D$1:$Z$1<=periods!$C$5)*region_annual_ha!$D$2:$Z$85)/(periods!$C$5-periods!$B$5+1) -> 84932.949 | G30: =SUMPRODUCT((region_annual_ha!$A$2:$A$85=$A30)*(region_annual_ha!$B$2:$B$85="live")*(region_annual_ha!$D$1:$Z$1>=periods!$B$2)*(region_annual_ha!$D$1:$Z$1<=periods!$C$2)*region_annual_ha!$D$2:$Z$85)/(periods!$C$2-periods!$B$2+1) -> 5493.4137 | H30: =SUMPRODUCT((region_annual_ha!$A$2:$A$85=$A30)*(region_annual_ha!$B$2:$B$85="live")*(region_annual_ha!$D$1:$Z$1>=periods!$B$3)*(region_annual_ha!$D$1:$Z$1<=periods!$C$3)*region_annual_ha!$D$2:$Z$85)/(periods!$C$3-periods!$B$3+1) -> 13800.15 | I30: =SUMPRODUCT((region_annual_ha!$A$2:$A$85=$A30)*(region_annual_ha!$B$2:$B$85="live")*(region_annual_ha!$D$1:$Z$1>=periods!$B$4)*(region_annual_ha!$D$1:$Z$1<=periods!$C$4)*region_annual_ha!$D$2:$Z$85)/(periods!$C$4-periods!$B$4+1) -> 8473.3453 | J30: =SUMPRODUCT((region_annual_ha!$A$2:$A$85=$A30)*(region_annual_ha!$B$2:$B$85="live")*(region_annual_ha!$D$1:$Z$1>=periods!$B$5)*(region_annual_ha!$D$1:$Z$1<=periods!$C$5)*region_annual_ha!$D$2:$Z$85)/(periods!$C$5-periods!$B$5+1) -> 10340.489 | K30: =SUMPRODUCT((region_annual_ha!$A$2:$A$85=$A30)*(region_annual_ha!$B$2:$B$85="fors")*(region_annual_ha!$D$1:$Z$1>=periods!$B$2)*(region_annual_ha!$D$1:$Z$1<=periods!$C$2)*region_annual_ha!$D$2:$Z$85)/(periods!$C$2-periods!$B$2+1) -> 78423.537 | L30: =SUMPRODUCT((region_annual_ha!$A$2:$A$85=$A30)*(region_annual_ha!$B$2:$B$85="fors")*(region_annual_ha!$D$1:$Z$1>=periods!$B$3)*(region_annual_ha!$D$1:$Z$1<=periods!$C$3)*region_annual_ha!$D$2:$Z$85)/(periods!$C$3-periods!$B$3+1) -> 76384.355 | M30: =SUMPRODUCT((region_annual_ha!$A$2:$A$85=$A30)*(region_annual_ha!$B$2:$B$85="fors")*(region_annual_ha!$D$1:$Z$1>=periods!$B$4)*(region_annual_ha!$D$1:$Z$1<=periods!$C$4)*region_annual_ha!$D$2:$Z$85)/(periods!$C$4-periods!$B$4+1) -> 42908.191 | N30: =SUMPRODUCT((region_annual_ha!$A$2:$A$85=$A30)*(region_annual_ha!$B$2:$B$85="fors")*(region_annual_ha!$D$1:$Z$1>=periods!$B$5)*(region_annual_ha!$D$1:$Z$1<=periods!$C$5)*region_annual_ha!$D$2:$Z$85)/(periods!$C$5-periods!$B$5+1) -> 7364.3831 | O30: =C30+G30+K30 -> 799793.47 | P30: =D30+H30+L30 -> 729290.67 | Q30: =E30+I30+M30 -> 330088.83 | R30: =F30+J30+N30 -> 102637.82
A31: World | B31: sum of the 28 regions | C31: =SUM(C3:C30) -> 3293896.4 | D31: =SUM(D3:D30) -> 3087252.9 | E31: =SUM(E3:E30) -> 2762618.9 | F31: =SUM(F3:F30) -> 2080248.8 | G31: =SUM(G3:G30) -> 1987118.3 | H31: =SUM(H3:H30) -> 1766556.4 | I31: =SUM(I3:I30) -> 2460678.5 | J31: =SUM(J3:J30) -> 2304655.1 | ... N31: =SUM(N3:N30) -> 588136.68 | O31: =C31+G31+K31 -> 5933054.1 | P31: =D31+H31+L31 -> 5557027.4 | Q31: =E31+I31+M31 -> 5864286.8 | R31: =F31+J31+N31 -> 4973040.6

Sheet cumulative_ha
A1: EPPA region | B1: region name | C1: ="crop "&periods!$A$2 -> crop 2007-2010 | D1: ="crop "&periods!$A$3 -> crop 2010-2015 | E1: ="crop "&periods!$A$4 -> crop 2015-2020 | F1: ="crop "&periods!$A$5 -> crop 2020-2023 | G1: ="live "&periods!$A$2 -> live 2007-2010 | H1: ="live "&periods!$A$3 -> live 2010-2015 | I1: ="live "&periods!$A$4 -> live 2015-2020 | J1: ="live "&periods!$A$5 -> live 2020-2023 | K1: ="fors "&periods!$A$2 -> fors 2007-2010 | L1: ="fors "&periods!$A$3 -> fors 2010-2015 | M1: ="fors "&periods!$A$4 -> fors 2015-2020 | N1: ="fors "&periods!$A$5 -> fors 2020-2023 | O1: ="total "&periods!$A$2 -> total 2007-2010 | P1: ="total "&periods!$A$3 -> total 2010-2015 | Q1: ="total "&periods!$A$4 -> total 2015-2020 | R1: ="total "&periods!$A$5 -> total 2020-2023
A2: hectares, sum over the period's years
A3: USA | B3: United States of America | C3: =SUMPRODUCT((region_annual_ha!$A$2:$A$85=$A3)*(region_annual_ha!$B$2:$B$85="crop")*(region_annual_ha!$D$1:$Z$1>=periods!$B$2)*(region_annual_ha!$D$1:$Z$1<=periods!$C$2)*region_annual_ha!$D$2:$Z$85) -> 52906.766 | D3: =SUMPRODUCT((region_annual_ha!$A$2:$A$85=$A3)*(region_annual_ha!$B$2:$B$85="crop")*(region_annual_ha!$D$1:$Z$1>=periods!$B$3)*(region_annual_ha!$D$1:$Z$1<=periods!$C$3)*region_annual_ha!$D$2:$Z$85) -> 242969.58 | E3: =SUMPRODUCT((region_annual_ha!$A$2:$A$85=$A3)*(region_annual_ha!$B$2:$B$85="crop")*(region_annual_ha!$D$1:$Z$1>=periods!$B$4)*(region_annual_ha!$D$1:$Z$1<=periods!$C$4)*region_annual_ha!$D$2:$Z$85) -> 113080.47 | F3: =SUMPRODUCT((region_annual_ha!$A$2:$A$85=$A3)*(region_annual_ha!$B$2:$B$85="crop")*(region_annual_ha!$D$1:$Z$1>=periods!$B$5)*(region_annual_ha!$D$1:$Z$1<=periods!$C$5)*region_annual_ha!$D$2:$Z$85) -> 20001.503 | G3: =SUMPRODUCT((region_annual_ha!$A$2:$A$85=$A3)*(region_annual_ha!$B$2:$B$85="live")*(region_annual_ha!$D$1:$Z$1>=periods!$B$2)*(region_annual_ha!$D$1:$Z$1<=periods!$C$2)*region_annual_ha!$D$2:$Z$85) -> 226966.72 | H3: =SUMPRODUCT((region_annual_ha!$A$2:$A$85=$A3)*(region_annual_ha!$B$2:$B$85="live")*(region_annual_ha!$D$1:$Z$1>=periods!$B$3)*(region_annual_ha!$D$1:$Z$1<=periods!$C$3)*region_annual_ha!$D$2:$Z$85) -> 230184.38 | I3: =SUMPRODUCT((region_annual_ha!$A$2:$A$85=$A3)*(region_annual_ha!$B$2:$B$85="live")*(region_annual_ha!$D$1:$Z$1>=periods!$B$4)*(region_annual_ha!$D$1:$Z$1<=periods!$C$4)*region_annual_ha!$D$2:$Z$85) -> 309315.69 | J3: =SUMPRODUCT((region_annual_ha!$A$2:$A$85=$A3)*(region_annual_ha!$B$2:$B$85="live")*(region_annual_ha!$D$1:$Z$1>=periods!$B$5)*(region_annual_ha!$D$1:$Z$1<=periods!$C$5)*region_annual_ha!$D$2:$Z$85) -> 118367.75 | K3: =SUMPRODUCT((region_annual_ha!$A$2:$A$85=$A3)*(region_annual_ha!$B$2:$B$85="fors")*(region_annual_ha!$D$1:$Z$1>=periods!$B$2)*(region_annual_ha!$D$1:$Z$1<=periods!$C$2)*region_annual_ha!$D$2:$Z$85) -> 605100 | L3: =SUMPRODUCT((region_annual_ha!$A$2:$A$85=$A3)*(region_annual_ha!$B$2:$B$85="fors")*(region_annual_ha!$D$1:$Z$1>=periods!$B$3)*(region_annual_ha!$D$1:$Z$1<=periods!$C$3)*region_annual_ha!$D$2:$Z$85) -> 915800 | M3: =SUMPRODUCT((region_annual_ha!$A$2:$A$85=$A3)*(region_annual_ha!$B$2:$B$85="fors")*(region_annual_ha!$D$1:$Z$1>=periods!$B$4)*(region_annual_ha!$D$1:$Z$1<=periods!$C$4)*region_annual_ha!$D$2:$Z$85) -> 295000 | N3: =SUMPRODUCT((region_annual_ha!$A$2:$A$85=$A3)*(region_annual_ha!$B$2:$B$85="fors")*(region_annual_ha!$D$1:$Z$1>=periods!$B$5)*(region_annual_ha!$D$1:$Z$1<=periods!$C$5)*region_annual_ha!$D$2:$Z$85) -> 0 | O3: =C3+G3+K3 -> 884973.48 | P3: =D3+H3+L3 -> 1388954 | Q3: =E3+I3+M3 -> 717396.16 | R3: =F3+J3+N3 -> 138369.26
A4: CAN | B4: Canada | C4: =SUMPRODUCT((region_annual_ha!$A$2:$A$85=$A4)*(region_annual_ha!$B$2:$B$85="crop")*(region_annual_ha!$D$1:$Z$1>=periods!$B$2)*(region_annual_ha!$D$1:$Z$1<=periods!$C$2)*region_annual_ha!$D$2:$Z$85) -> 27186.278 | D4: =SUMPRODUCT((region_annual_ha!$A$2:$A$85=$A4)*(region_annual_ha!$B$2:$B$85="crop")*(region_annual_ha!$D$1:$Z$1>=periods!$B$3)*(region_annual_ha!$D$1:$Z$1<=periods!$C$3)*region_annual_ha!$D$2:$Z$85) -> 114183.52 | E4: =SUMPRODUCT((region_annual_ha!$A$2:$A$85=$A4)*(region_annual_ha!$B$2:$B$85="crop")*(region_annual_ha!$D$1:$Z$1>=periods!$B$4)*(region_annual_ha!$D$1:$Z$1<=periods!$C$4)*region_annual_ha!$D$2:$Z$85) -> 35867.37 | F4: =SUMPRODUCT((region_annual_ha!$A$2:$A$85=$A4)*(region_annual_ha!$B$2:$B$85="crop")*(region_annual_ha!$D$1:$Z$1>=periods!$B$5)*(region_annual_ha!$D$1:$Z$1<=periods!$C$5)*region_annual_ha!$D$2:$Z$85) -> 0 | G4: =SUMPRODUCT((region_annual_ha!$A$2:$A$85=$A4)*(region_annual_ha!$B$2:$B$85="live")*(region_annual_ha!$D$1:$Z$1>=periods!$B$2)*(region_annual_ha!$D$1:$Z$1<=periods!$C$2)*region_annual_ha!$D$2:$Z$85) -> 10148.028 | H4: =SUMPRODUCT((region_annual_ha!$A$2:$A$85=$A4)*(region_annual_ha!$B$2:$B$85="live")*(region_annual_ha!$D$1:$Z$1>=periods!$B$3)*(region_annual_ha!$D$1:$Z$1<=periods!$C$3)*region_annual_ha!$D$2:$Z$85) -> 0 | I4: =SUMPRODUCT((region_annual_ha!$A$2:$A$85=$A4)*(region_annual_ha!$B$2:$B$85="live")*(region_annual_ha!$D$1:$Z$1>=periods!$B$4)*(region_annual_ha!$D$1:$Z$1<=periods!$C$4)*region_annual_ha!$D$2:$Z$85) -> 31334.867 | J4: =SUMPRODUCT((region_annual_ha!$A$2:$A$85=$A4)*(region_annual_ha!$B$2:$B$85="live")*(region_annual_ha!$D$1:$Z$1>=periods!$B$5)*(region_annual_ha!$D$1:$Z$1<=periods!$C$5)*region_annual_ha!$D$2:$Z$85) -> 16251.159 | K4: =SUMPRODUCT((region_annual_ha!$A$2:$A$85=$A4)*(region_annual_ha!$B$2:$B$85="fors")*(region_annual_ha!$D$1:$Z$1>=periods!$B$2)*(region_annual_ha!$D$1:$Z$1<=periods!$C$2)*region_annual_ha!$D$2:$Z$85) -> 0 | L4: =SUMPRODUCT((region_annual_ha!$A$2:$A$85=$A4)*(region_annual_ha!$B$2:$B$85="fors")*(region_annual_ha!$D$1:$Z$1>=periods!$B$3)*(region_annual_ha!$D$1:$Z$1<=periods!$C$3)*region_annual_ha!$D$2:$Z$85) -> 0 | M4: =SUMPRODUCT((region_annual_ha!$A$2:$A$85=$A4)*(region_annual_ha!$B$2:$B$85="fors")*(region_annual_ha!$D$1:$Z$1>=periods!$B$4)*(region_annual_ha!$D$1:$Z$1<=periods!$C$4)*region_annual_ha!$D$2:$Z$85) -> 0 | N4: =SUMPRODUCT((region_annual_ha!$A$2:$A$85=$A4)*(region_annual_ha!$B$2:$B$85="fors")*(region_annual_ha!$D$1:$Z$1>=periods!$B$5)*(region_annual_ha!$D$1:$Z$1<=periods!$C$5)*region_annual_ha!$D$2:$Z$85) -> 0 | O4: =C4+G4+K4 -> 37334.306 | P4: =D4+H4+L4 -> 114183.52 | Q4: =E4+I4+M4 -> 67202.237 | R4: =F4+J4+N4 -> 16251.159
A5: MEX | B5: Mexico | C5: =SUMPRODUCT((region_annual_ha!$A$2:$A$85=$A5)*(region_annual_ha!$B$2:$B$85="crop")*(region_annual_ha!$D$1:$Z$1>=periods!$B$2)*(region_annual_ha!$D$1:$Z$1<=periods!$C$2)*region_annual_ha!$D$2:$Z$85) -> 23974.105 | D5: =SUMPRODUCT((region_annual_ha!$A$2:$A$85=$A5)*(region_annual_ha!$B$2:$B$85="crop")*(region_annual_ha!$D$1:$Z$1>=periods!$B$3)*(region_annual_ha!$D$1:$Z$1<=periods!$C$3)*region_annual_ha!$D$2:$Z$85) -> 35722.031 | E5: =SUMPRODUCT((region_annual_ha!$A$2:$A$85=$A5)*(region_annual_ha!$B$2:$B$85="crop")*(region_annual_ha!$D$1:$Z$1>=periods!$B$4)*(region_annual_ha!$D$1:$Z$1<=periods!$C$4)*region_annual_ha!$D$2:$Z$85) -> 604637.85 | F5: =SUMPRODUCT((region_annual_ha!$A$2:$A$85=$A5)*(region_annual_ha!$B$2:$B$85="crop")*(region_annual_ha!$D$1:$Z$1>=periods!$B$5)*(region_annual_ha!$D$1:$Z$1<=periods!$C$5)*region_annual_ha!$D$2:$Z$85) -> 0 | G5: =SUMPRODUCT((region_annual_ha!$A$2:$A$85=$A5)*(region_annual_ha!$B$2:$B$85="live")*(region_annual_ha!$D$1:$Z$1>=periods!$B$2)*(region_annual_ha!$D$1:$Z$1<=periods!$C$2)*region_annual_ha!$D$2:$Z$85) -> 0 | H5: =SUMPRODUCT((region_annual_ha!$A$2:$A$85=$A5)*(region_annual_ha!$B$2:$B$85="live")*(region_annual_ha!$D$1:$Z$1>=periods!$B$3)*(region_annual_ha!$D$1:$Z$1<=periods!$C$3)*region_annual_ha!$D$2:$Z$85) -> 113094.14 | I5: =SUMPRODUCT((region_annual_ha!$A$2:$A$85=$A5)*(region_annual_ha!$B$2:$B$85="live")*(region_annual_ha!$D$1:$Z$1>=periods!$B$4)*(region_annual_ha!$D$1:$Z$1<=periods!$C$4)*region_annual_ha!$D$2:$Z$85) -> 150038.86 | J5: =SUMPRODUCT((region_annual_ha!$A$2:$A$85=$A5)*(region_annual_ha!$B$2:$B$85="live")*(region_annual_ha!$D$1:$Z$1>=periods!$B$5)*(region_annual_ha!$D$1:$Z$1<=periods!$C$5)*region_annual_ha!$D$2:$Z$85) -> 131166.58 | K5: =SUMPRODUCT((region_annual_ha!$A$2:$A$85=$A5)*(region_annual_ha!$B$2:$B$85="fors")*(region_annual_ha!$D$1:$Z$1>=periods!$B$2)*(region_annual_ha!$D$1:$Z$1<=periods!$C$2)*region_annual_ha!$D$2:$Z$85) -> 7761.4109 | L5: =SUMPRODUCT((region_annual_ha!$A$2:$A$85=$A5)*(region_annual_ha!$B$2:$B$85="fors")*(region_annual_ha!$D$1:$Z$1>=periods!$B$3)*(region_annual_ha!$D$1:$Z$1<=periods!$C$3)*region_annual_ha!$D$2:$Z$85) -> 7885.1811 | M5: =SUMPRODUCT((region_annual_ha!$A$2:$A$85=$A5)*(region_annual_ha!$B$2:$B$85="fors")*(region_annual_ha!$D$1:$Z$1>=periods!$B$4)*(region_annual_ha!$D$1:$Z$1<=periods!$C$4)*region_annual_ha!$D$2:$Z$85) -> 0 | N5: =SUMPRODUCT((region_annual_ha!$A$2:$A$85=$A5)*(region_annual_ha!$B$2:$B$85="fors")*(region_annual_ha!$D$1:$Z$1>=periods!$B$5)*(region_annual_ha!$D$1:$Z$1<=periods!$C$5)*region_annual_ha!$D$2:$Z$85) -> 0 | O5: =C5+G5+K5 -> 31735.515 | P5: =D5+H5+L5 -> 156701.35 | Q5: =E5+I5+M5 -> 754676.7 | R5: =F5+J5+N5 -> 131166.58
A6: JPN | B6: Japan | C6: =SUMPRODUCT((region_annual_ha!$A$2:$A$85=$A6)*(region_annual_ha!$B$2:$B$85="crop")*(region_annual_ha!$D$1:$Z$1>=periods!$B$2)*(region_annual_ha!$D$1:$Z$1<=periods!$C$2)*region_annual_ha!$D$2:$Z$85) -> 4789.3398 | D6: =SUMPRODUCT((region_annual_ha!$A$2:$A$85=$A6)*(region_annual_ha!$B$2:$B$85="crop")*(region_annual_ha!$D$1:$Z$1>=periods!$B$3)*(region_annual_ha!$D$1:$Z$1<=periods!$C$3)*region_annual_ha!$D$2:$Z$85) -> 6113.5723 | E6: =SUMPRODUCT((region_annual_ha!$A$2:$A$85=$A6)*(region_annual_ha!$B$2:$B$85="crop")*(region_annual_ha!$D$1:$Z$1>=periods!$B$4)*(region_annual_ha!$D$1:$Z$1<=periods!$C$4)*region_annual_ha!$D$2:$Z$85) -> 3742.4077 | F6: =SUMPRODUCT((region_annual_ha!$A$2:$A$85=$A6)*(region_annual_ha!$B$2:$B$85="crop")*(region_annual_ha!$D$1:$Z$1>=periods!$B$5)*(region_annual_ha!$D$1:$Z$1<=periods!$C$5)*region_annual_ha!$D$2:$Z$85) -> 682.80445 | G6: =SUMPRODUCT((region_annual_ha!$A$2:$A$85=$A6)*(region_annual_ha!$B$2:$B$85="live")*(region_annual_ha!$D$1:$Z$1>=periods!$B$2)*(region_annual_ha!$D$1:$Z$1<=periods!$C$2)*region_annual_ha!$D$2:$Z$85) -> 359.35807 | H6: =SUMPRODUCT((region_annual_ha!$A$2:$A$85=$A6)*(region_annual_ha!$B$2:$B$85="live")*(region_annual_ha!$D$1:$Z$1>=periods!$B$3)*(region_annual_ha!$D$1:$Z$1<=periods!$C$3)*region_annual_ha!$D$2:$Z$85) -> 440.96737 | I6: =SUMPRODUCT((region_annual_ha!$A$2:$A$85=$A6)*(region_annual_ha!$B$2:$B$85="live")*(region_annual_ha!$D$1:$Z$1>=periods!$B$4)*(region_annual_ha!$D$1:$Z$1<=periods!$C$4)*region_annual_ha!$D$2:$Z$85) -> 527.11748 | J6: =SUMPRODUCT((region_annual_ha!$A$2:$A$85=$A6)*(region_annual_ha!$B$2:$B$85="live")*(region_annual_ha!$D$1:$Z$1>=periods!$B$5)*(region_annual_ha!$D$1:$Z$1<=periods!$C$5)*region_annual_ha!$D$2:$Z$85) -> 799.16558 | K6: =SUMPRODUCT((region_annual_ha!$A$2:$A$85=$A6)*(region_annual_ha!$B$2:$B$85="fors")*(region_annual_ha!$D$1:$Z$1>=periods!$B$2)*(region_annual_ha!$D$1:$Z$1<=periods!$C$2)*region_annual_ha!$D$2:$Z$85) -> 0 | L6: =SUMPRODUCT((region_annual_ha!$A$2:$A$85=$A6)*(region_annual_ha!$B$2:$B$85="fors")*(region_annual_ha!$D$1:$Z$1>=periods!$B$3)*(region_annual_ha!$D$1:$Z$1<=periods!$C$3)*region_annual_ha!$D$2:$Z$85) -> 0 | M6: =SUMPRODUCT((region_annual_ha!$A$2:$A$85=$A6)*(region_annual_ha!$B$2:$B$85="fors")*(region_annual_ha!$D$1:$Z$1>=periods!$B$4)*(region_annual_ha!$D$1:$Z$1<=periods!$C$4)*region_annual_ha!$D$2:$Z$85) -> 0 | N6: =SUMPRODUCT((region_annual_ha!$A$2:$A$85=$A6)*(region_annual_ha!$B$2:$B$85="fors")*(region_annual_ha!$D$1:$Z$1>=periods!$B$5)*(region_annual_ha!$D$1:$Z$1<=periods!$C$5)*region_annual_ha!$D$2:$Z$85) -> 0 | O6: =C6+G6+K6 -> 5148.6979 | P6: =D6+H6+L6 -> 6554.5396 | Q6: =E6+I6+M6 -> 4269.5252 | R6: =F6+J6+N6 -> 1481.97
A7: ANZ | B7: Australia and New Zealand (+ rest of Oceania and rest of the world) | C7: =SUMPRODUCT((region_annual_ha!$A$2:$A$85=$A7)*(region_annual_ha!$B$2:$B$85="crop")*(region_annual_ha!$D$1:$Z$1>=periods!$B$2)*(region_annual_ha!$D$1:$Z$1<=periods!$C$2)*region_annual_ha!$D$2:$Z$85) -> 118137.73 | D7: =SUMPRODUCT((region_annual_ha!$A$2:$A$85=$A7)*(region_annual_ha!$B$2:$B$85="crop")*(region_annual_ha!$D$1:$Z$1>=periods!$B$3)*(region_annual_ha!$D$1:$Z$1<=periods!$C$3)*region_annual_ha!$D$2:$Z$85) -> 185515.98 | E7: =SUMPRODUCT((region_annual_ha!$A$2:$A$85=$A7)*(region_annual_ha!$B$2:$B$85="crop")*(region_annual_ha!$D$1:$Z$1>=periods!$B$4)*(region_annual_ha!$D$1:$Z$1<=periods!$C$4)*region_annual_ha!$D$2:$Z$85) -> 90656.31 | F7: =SUMPRODUCT((region_annual_ha!$A$2:$A$85=$A7)*(region_annual_ha!$B$2:$B$85="crop")*(region_annual_ha!$D$1:$Z$1>=periods!$B$5)*(region_annual_ha!$D$1:$Z$1<=periods!$C$5)*region_annual_ha!$D$2:$Z$85) -> 28441.704 | G7: =SUMPRODUCT((region_annual_ha!$A$2:$A$85=$A7)*(region_annual_ha!$B$2:$B$85="live")*(region_annual_ha!$D$1:$Z$1>=periods!$B$2)*(region_annual_ha!$D$1:$Z$1<=periods!$C$2)*region_annual_ha!$D$2:$Z$85) -> 17802.488 | H7: =SUMPRODUCT((region_annual_ha!$A$2:$A$85=$A7)*(region_annual_ha!$B$2:$B$85="live")*(region_annual_ha!$D$1:$Z$1>=periods!$B$3)*(region_annual_ha!$D$1:$Z$1<=periods!$C$3)*region_annual_ha!$D$2:$Z$85) -> 40308.632 | I7: =SUMPRODUCT((region_annual_ha!$A$2:$A$85=$A7)*(region_annual_ha!$B$2:$B$85="live")*(region_annual_ha!$D$1:$Z$1>=periods!$B$4)*(region_annual_ha!$D$1:$Z$1<=periods!$C$4)*region_annual_ha!$D$2:$Z$85) -> 53822.28 | J7: =SUMPRODUCT((region_annual_ha!$A$2:$A$85=$A7)*(region_annual_ha!$B$2:$B$85="live")*(region_annual_ha!$D$1:$Z$1>=periods!$B$5)*(region_annual_ha!$D$1:$Z$1<=periods!$C$5)*region_annual_ha!$D$2:$Z$85) -> 31229.565 | K7: =SUMPRODUCT((region_annual_ha!$A$2:$A$85=$A7)*(region_annual_ha!$B$2:$B$85="fors")*(region_annual_ha!$D$1:$Z$1>=periods!$B$2)*(region_annual_ha!$D$1:$Z$1<=periods!$C$2)*region_annual_ha!$D$2:$Z$85) -> 42644.327 | L7: =SUMPRODUCT((region_annual_ha!$A$2:$A$85=$A7)*(region_annual_ha!$B$2:$B$85="fors")*(region_annual_ha!$D$1:$Z$1>=periods!$B$3)*(region_annual_ha!$D$1:$Z$1<=periods!$C$3)*region_annual_ha!$D$2:$Z$85) -> 19680.001 | M7: =SUMPRODUCT((region_annual_ha!$A$2:$A$85=$A7)*(region_annual_ha!$B$2:$B$85="fors")*(region_annual_ha!$D$1:$Z$1>=periods!$B$4)*(region_annual_ha!$D$1:$Z$1<=periods!$C$4)*region_annual_ha!$D$2:$Z$85) -> 75421.755 | N7: =SUMPRODUCT((region_annual_ha!$A$2:$A$85=$A7)*(region_annual_ha!$B$2:$B$85="fors")*(region_annual_ha!$D$1:$Z$1>=periods!$B$5)*(region_annual_ha!$D$1:$Z$1<=periods!$C$5)*region_annual_ha!$D$2:$Z$85) -> 52802.781 | O7: =C7+G7+K7 -> 178584.54 | P7: =D7+H7+L7 -> 245504.62 | Q7: =E7+I7+M7 -> 219900.35 | R7: =F7+J7+N7 -> 112474.05
A8: EUR | B8: European Union 28 + EFTA | C8: =SUMPRODUCT((region_annual_ha!$A$2:$A$85=$A8)*(region_annual_ha!$B$2:$B$85="crop")*(region_annual_ha!$D$1:$Z$1>=periods!$B$2)*(region_annual_ha!$D$1:$Z$1<=periods!$C$2)*region_annual_ha!$D$2:$Z$85) -> 39030.069 | D8: =SUMPRODUCT((region_annual_ha!$A$2:$A$85=$A8)*(region_annual_ha!$B$2:$B$85="crop")*(region_annual_ha!$D$1:$Z$1>=periods!$B$3)*(region_annual_ha!$D$1:$Z$1<=periods!$C$3)*region_annual_ha!$D$2:$Z$85) -> 43580.634 | E8: =SUMPRODUCT((region_annual_ha!$A$2:$A$85=$A8)*(region_annual_ha!$B$2:$B$85="crop")*(region_annual_ha!$D$1:$Z$1>=periods!$B$4)*(region_annual_ha!$D$1:$Z$1<=periods!$C$4)*region_annual_ha!$D$2:$Z$85) -> 49229.882 | F8: =SUMPRODUCT((region_annual_ha!$A$2:$A$85=$A8)*(region_annual_ha!$B$2:$B$85="crop")*(region_annual_ha!$D$1:$Z$1>=periods!$B$5)*(region_annual_ha!$D$1:$Z$1<=periods!$C$5)*region_annual_ha!$D$2:$Z$85) -> 9134.1575 | G8: =SUMPRODUCT((region_annual_ha!$A$2:$A$85=$A8)*(region_annual_ha!$B$2:$B$85="live")*(region_annual_ha!$D$1:$Z$1>=periods!$B$2)*(region_annual_ha!$D$1:$Z$1<=periods!$C$2)*region_annual_ha!$D$2:$Z$85) -> 13668.691 | H8: =SUMPRODUCT((region_annual_ha!$A$2:$A$85=$A8)*(region_annual_ha!$B$2:$B$85="live")*(region_annual_ha!$D$1:$Z$1>=periods!$B$3)*(region_annual_ha!$D$1:$Z$1<=periods!$C$3)*region_annual_ha!$D$2:$Z$85) -> 23133.215 | I8: =SUMPRODUCT((region_annual_ha!$A$2:$A$85=$A8)*(region_annual_ha!$B$2:$B$85="live")*(region_annual_ha!$D$1:$Z$1>=periods!$B$4)*(region_annual_ha!$D$1:$Z$1<=periods!$C$4)*region_annual_ha!$D$2:$Z$85) -> 30911.612 | J8: =SUMPRODUCT((region_annual_ha!$A$2:$A$85=$A8)*(region_annual_ha!$B$2:$B$85="live")*(region_annual_ha!$D$1:$Z$1>=periods!$B$5)*(region_annual_ha!$D$1:$Z$1<=periods!$C$5)*region_annual_ha!$D$2:$Z$85) -> 13423.481 | K8: =SUMPRODUCT((region_annual_ha!$A$2:$A$85=$A8)*(region_annual_ha!$B$2:$B$85="fors")*(region_annual_ha!$D$1:$Z$1>=periods!$B$2)*(region_annual_ha!$D$1:$Z$1<=periods!$C$2)*region_annual_ha!$D$2:$Z$85) -> 61509.414 | L8: =SUMPRODUCT((region_annual_ha!$A$2:$A$85=$A8)*(region_annual_ha!$B$2:$B$85="fors")*(region_annual_ha!$D$1:$Z$1>=periods!$B$3)*(region_annual_ha!$D$1:$Z$1<=periods!$C$3)*region_annual_ha!$D$2:$Z$85) -> 29660.125 | M8: =SUMPRODUCT((region_annual_ha!$A$2:$A$85=$A8)*(region_annual_ha!$B$2:$B$85="fors")*(region_annual_ha!$D$1:$Z$1>=periods!$B$4)*(region_annual_ha!$D$1:$Z$1<=periods!$C$4)*region_annual_ha!$D$2:$Z$85) -> 29618.305 | N8: =SUMPRODUCT((region_annual_ha!$A$2:$A$85=$A8)*(region_annual_ha!$B$2:$B$85="fors")*(region_annual_ha!$D$1:$Z$1>=periods!$B$5)*(region_annual_ha!$D$1:$Z$1<=periods!$C$5)*region_annual_ha!$D$2:$Z$85) -> 19498.188 | O8: =C8+G8+K8 -> 114208.17 | P8: =D8+H8+L8 -> 96373.973 | Q8: =E8+I8+M8 -> 109759.8 | R8: =F8+J8+N8 -> 42055.826
A9: ROE | B9: Rest of Europe and Central Asia (incl. Turkey) | C9: =SUMPRODUCT((region_annual_ha!$A$2:$A$85=$A9)*(region_annual_ha!$B$2:$B$85="crop")*(region_annual_ha!$D$1:$Z$1>=periods!$B$2)*(region_annual_ha!$D$1:$Z$1<=periods!$C$2)*region_annual_ha!$D$2:$Z$85) -> 7412.5881 | D9: =SUMPRODUCT((region_annual_ha!$A$2:$A$85=$A9)*(region_annual_ha!$B$2:$B$85="crop")*(region_annual_ha!$D$1:$Z$1>=periods!$B$3)*(region_annual_ha!$D$1:$Z$1<=periods!$C$3)*region_annual_ha!$D$2:$Z$85) -> 16729.437 | E9: =SUMPRODUCT((region_annual_ha!$A$2:$A$85=$A9)*(region_annual_ha!$B$2:$B$85="crop")*(region_annual_ha!$D$1:$Z$1>=periods!$B$4)*(region_annual_ha!$D$1:$Z$1<=periods!$C$4)*region_annual_ha!$D$2:$Z$85) -> 28872.804 | F9: =SUMPRODUCT((region_annual_ha!$A$2:$A$85=$A9)*(region_annual_ha!$B$2:$B$85="crop")*(region_annual_ha!$D$1:$Z$1>=periods!$B$5)*(region_annual_ha!$D$1:$Z$1<=periods!$C$5)*region_annual_ha!$D$2:$Z$85) -> 2925.0895 | G9: =SUMPRODUCT((region_annual_ha!$A$2:$A$85=$A9)*(region_annual_ha!$B$2:$B$85="live")*(region_annual_ha!$D$1:$Z$1>=periods!$B$2)*(region_annual_ha!$D$1:$Z$1<=periods!$C$2)*region_annual_ha!$D$2:$Z$85) -> 3347.3171 | H9: =SUMPRODUCT((region_annual_ha!$A$2:$A$85=$A9)*(region_annual_ha!$B$2:$B$85="live")*(region_annual_ha!$D$1:$Z$1>=periods!$B$3)*(region_annual_ha!$D$1:$Z$1<=periods!$C$3)*region_annual_ha!$D$2:$Z$85) -> 2287.1438 | I9: =SUMPRODUCT((region_annual_ha!$A$2:$A$85=$A9)*(region_annual_ha!$B$2:$B$85="live")*(region_annual_ha!$D$1:$Z$1>=periods!$B$4)*(region_annual_ha!$D$1:$Z$1<=periods!$C$4)*region_annual_ha!$D$2:$Z$85) -> 2922.289 | J9: =SUMPRODUCT((region_annual_ha!$A$2:$A$85=$A9)*(region_annual_ha!$B$2:$B$85="live")*(region_annual_ha!$D$1:$Z$1>=periods!$B$5)*(region_annual_ha!$D$1:$Z$1<=periods!$C$5)*region_annual_ha!$D$2:$Z$85) -> 1697.554 | K9: =SUMPRODUCT((region_annual_ha!$A$2:$A$85=$A9)*(region_annual_ha!$B$2:$B$85="fors")*(region_annual_ha!$D$1:$Z$1>=periods!$B$2)*(region_annual_ha!$D$1:$Z$1<=periods!$C$2)*region_annual_ha!$D$2:$Z$85) -> 17374.797 | L9: =SUMPRODUCT((region_annual_ha!$A$2:$A$85=$A9)*(region_annual_ha!$B$2:$B$85="fors")*(region_annual_ha!$D$1:$Z$1>=periods!$B$3)*(region_annual_ha!$D$1:$Z$1<=periods!$C$3)*region_annual_ha!$D$2:$Z$85) -> 28618.124 | M9: =SUMPRODUCT((region_annual_ha!$A$2:$A$85=$A9)*(region_annual_ha!$B$2:$B$85="fors")*(region_annual_ha!$D$1:$Z$1>=periods!$B$4)*(region_annual_ha!$D$1:$Z$1<=periods!$C$4)*region_annual_ha!$D$2:$Z$85) -> 9426.8382 | N9: =SUMPRODUCT((region_annual_ha!$A$2:$A$85=$A9)*(region_annual_ha!$B$2:$B$85="fors")*(region_annual_ha!$D$1:$Z$1>=periods!$B$5)*(region_annual_ha!$D$1:$Z$1<=periods!$C$5)*region_annual_ha!$D$2:$Z$85) -> 5209.7074 | O9: =C9+G9+K9 -> 28134.703 | P9: =D9+H9+L9 -> 47634.705 | Q9: =E9+I9+M9 -> 41221.931 | R9: =F9+J9+N9 -> 9832.3509
A10: RUS | B10: Russia | C10: =SUMPRODUCT((region_annual_ha!$A$2:$A$85=$A10)*(region_annual_ha!$B$2:$B$85="crop")*(region_annual_ha!$D$1:$Z$1>=periods!$B$2)*(region_annual_ha!$D$1:$Z$1<=periods!$C$2)*region_annual_ha!$D$2:$Z$85) -> 19238.71 | D10: =SUMPRODUCT((region_annual_ha!$A$2:$A$85=$A10)*(region_annual_ha!$B$2:$B$85="crop")*(region_annual_ha!$D$1:$Z$1>=periods!$B$3)*(region_annual_ha!$D$1:$Z$1<=periods!$C$3)*region_annual_ha!$D$2:$Z$85) -> 32948.195 | E10: =SUMPRODUCT((region_annual_ha!$A$2:$A$85=$A10)*(region_annual_ha!$B$2:$B$85="crop")*(region_annual_ha!$D$1:$Z$1>=periods!$B$4)*(region_annual_ha!$D$1:$Z$1<=periods!$C$4)*region_annual_ha!$D$2:$Z$85) -> 24691.347 | F10: =SUMPRODUCT((region_annual_ha!$A$2:$A$85=$A10)*(region_annual_ha!$B$2:$B$85="crop")*(region_annual_ha!$D$1:$Z$1>=periods!$B$5)*(region_annual_ha!$D$1:$Z$1<=periods!$C$5)*region_annual_ha!$D$2:$Z$85) -> 3349.6605 | G10: =SUMPRODUCT((region_annual_ha!$A$2:$A$85=$A10)*(region_annual_ha!$B$2:$B$85="live")*(region_annual_ha!$D$1:$Z$1>=periods!$B$2)*(region_annual_ha!$D$1:$Z$1<=periods!$C$2)*region_annual_ha!$D$2:$Z$85) -> 27971.491 | H10: =SUMPRODUCT((region_annual_ha!$A$2:$A$85=$A10)*(region_annual_ha!$B$2:$B$85="live")*(region_annual_ha!$D$1:$Z$1>=periods!$B$3)*(region_annual_ha!$D$1:$Z$1<=periods!$C$3)*region_annual_ha!$D$2:$Z$85) -> 49760.895 | I10: =SUMPRODUCT((region_annual_ha!$A$2:$A$85=$A10)*(region_annual_ha!$B$2:$B$85="live")*(region_annual_ha!$D$1:$Z$1>=periods!$B$4)*(region_annual_ha!$D$1:$Z$1<=periods!$C$4)*region_annual_ha!$D$2:$Z$85) -> 20189.36 | J10: =SUMPRODUCT((region_annual_ha!$A$2:$A$85=$A10)*(region_annual_ha!$B$2:$B$85="live")*(region_annual_ha!$D$1:$Z$1>=periods!$B$5)*(region_annual_ha!$D$1:$Z$1<=periods!$C$5)*region_annual_ha!$D$2:$Z$85) -> 5982.3616 | K10: =SUMPRODUCT((region_annual_ha!$A$2:$A$85=$A10)*(region_annual_ha!$B$2:$B$85="fors")*(region_annual_ha!$D$1:$Z$1>=periods!$B$2)*(region_annual_ha!$D$1:$Z$1<=periods!$C$2)*region_annual_ha!$D$2:$Z$85) -> 0 | L10: =SUMPRODUCT((region_annual_ha!$A$2:$A$85=$A10)*(region_annual_ha!$B$2:$B$85="fors")*(region_annual_ha!$D$1:$Z$1>=periods!$B$3)*(region_annual_ha!$D$1:$Z$1<=periods!$C$3)*region_annual_ha!$D$2:$Z$85) -> 0 | M10: =SUMPRODUCT((region_annual_ha!$A$2:$A$85=$A10)*(region_annual_ha!$B$2:$B$85="fors")*(region_annual_ha!$D$1:$Z$1>=periods!$B$4)*(region_annual_ha!$D$1:$Z$1<=periods!$C$4)*region_annual_ha!$D$2:$Z$85) -> 0 | N10: =SUMPRODUCT((region_annual_ha!$A$2:$A$85=$A10)*(region_annual_ha!$B$2:$B$85="fors")*(region_annual_ha!$D$1:$Z$1>=periods!$B$5)*(region_annual_ha!$D$1:$Z$1<=periods!$C$5)*region_annual_ha!$D$2:$Z$85) -> 0 | O10: =C10+G10+K10 -> 47210.202 | P10: =D10+H10+L10 -> 82709.09 | Q10: =E10+I10+M10 -> 44880.707 | R10: =F10+J10+N10 -> 9332.0221
A11: ASI | B11: Dynamic Asia (Southeast Asia) | C11: =SUMPRODUCT((region_annual_ha!$A$2:$A$85=$A11)*(region_annual_ha!$B$2:$B$85="crop")*(region_annual_ha!$D$1:$Z$1>=periods!$B$2)*(region_annual_ha!$D$1:$Z$1<=periods!$C$2)*region_annual_ha!$D$2:$Z$85) -> 691883.13 | D11: =SUMPRODUCT((region_annual_ha!$A$2:$A$85=$A11)*(region_annual_ha!$B$2:$B$85="crop")*(region_annual_ha!$D$1:$Z$1>=periods!$B$3)*(region_annual_ha!$D$1:$Z$1<=periods!$C$3)*region_annual_ha!$D$2:$Z$85) -> 1007031.7 | E11: =SUMPRODUCT((region_annual_ha!$A$2:$A$85=$A11)*(region_annual_ha!$B$2:$B$85="crop")*(region_annual_ha!$D$1:$Z$1>=periods!$B$4)*(region_annual_ha!$D$1:$Z$1<=periods!$C$4)*region_annual_ha!$D$2:$Z$85) -> 951597.12 | F11: =SUMPRODUCT((region_annual_ha!$A$2:$A$85=$A11)*(region_annual_ha!$B$2:$B$85="crop")*(region_annual_ha!$D$1:$Z$1>=periods!$B$5)*(region_annual_ha!$D$1:$Z$1<=periods!$C$5)*region_annual_ha!$D$2:$Z$85) -> 300035.72 | G11: =SUMPRODUCT((region_annual_ha!$A$2:$A$85=$A11)*(region_annual_ha!$B$2:$B$85="live")*(region_annual_ha!$D$1:$Z$1>=periods!$B$2)*(region_annual_ha!$D$1:$Z$1<=periods!$C$2)*region_annual_ha!$D$2:$Z$85) -> 39408.249 | H11: =SUMPRODUCT((region_annual_ha!$A$2:$A$85=$A11)*(region_annual_ha!$B$2:$B$85="live")*(region_annual_ha!$D$1:$Z$1>=periods!$B$3)*(region_annual_ha!$D$1:$Z$1<=periods!$C$3)*region_annual_ha!$D$2:$Z$85) -> 108068.61 | I11: =SUMPRODUCT((region_annual_ha!$A$2:$A$85=$A11)*(region_annual_ha!$B$2:$B$85="live")*(region_annual_ha!$D$1:$Z$1>=periods!$B$4)*(region_annual_ha!$D$1:$Z$1<=periods!$C$4)*region_annual_ha!$D$2:$Z$85) -> 131818.99 | J11: =SUMPRODUCT((region_annual_ha!$A$2:$A$85=$A11)*(region_annual_ha!$B$2:$B$85="live")*(region_annual_ha!$D$1:$Z$1>=periods!$B$5)*(region_annual_ha!$D$1:$Z$1<=periods!$C$5)*region_annual_ha!$D$2:$Z$85) -> 140466.52 | K11: =SUMPRODUCT((region_annual_ha!$A$2:$A$85=$A11)*(region_annual_ha!$B$2:$B$85="fors")*(region_annual_ha!$D$1:$Z$1>=periods!$B$2)*(region_annual_ha!$D$1:$Z$1<=periods!$C$2)*region_annual_ha!$D$2:$Z$85) -> 104297.31 | L11: =SUMPRODUCT((region_annual_ha!$A$2:$A$85=$A11)*(region_annual_ha!$B$2:$B$85="fors")*(region_annual_ha!$D$1:$Z$1>=periods!$B$3)*(region_annual_ha!$D$1:$Z$1<=periods!$C$3)*region_annual_ha!$D$2:$Z$85) -> 204878.51 | M11: =SUMPRODUCT((region_annual_ha!$A$2:$A$85=$A11)*(region_annual_ha!$B$2:$B$85="fors")*(region_annual_ha!$D$1:$Z$1>=periods!$B$4)*(region_annual_ha!$D$1:$Z$1<=periods!$C$4)*region_annual_ha!$D$2:$Z$85) -> 12002.956 | N11: =SUMPRODUCT((region_annual_ha!$A$2:$A$85=$A11)*(region_annual_ha!$B$2:$B$85="fors")*(region_annual_ha!$D$1:$Z$1>=periods!$B$5)*(region_annual_ha!$D$1:$Z$1<=periods!$C$5)*region_annual_ha!$D$2:$Z$85) -> 4763.5276 | O11: =C11+G11+K11 -> 835588.69 | P11: =D11+H11+L11 -> 1319978.8 | Q11: =E11+I11+M11 -> 1095419.1 | R11: =F11+J11+N11 -> 445265.77
A12: CHN | B12: China and Hong Kong | C12: =SUMPRODUCT((region_annual_ha!$A$2:$A$85=$A12)*(region_annual_ha!$B$2:$B$85="crop")*(region_annual_ha!$D$1:$Z$1>=periods!$B$2)*(region_annual_ha!$D$1:$Z$1<=periods!$C$2)*region_annual_ha!$D$2:$Z$85) -> 55994.186 | D12: =SUMPRODUCT((region_annual_ha!$A$2:$A$85=$A12)*(region_annual_ha!$B$2:$B$85="crop")*(region_annual_ha!$D$1:$Z$1>=periods!$B$3)*(region_annual_ha!$D$1:$Z$1<=periods!$C$3)*region_annual_ha!$D$2:$Z$85) -> 66090.405 | E12: =SUMPRODUCT((region_annual_ha!$A$2:$A$85=$A12)*(region_annual_ha!$B$2:$B$85="crop")*(region_annual_ha!$D$1:$Z$1>=periods!$B$4)*(region_annual_ha!$D$1:$Z$1<=periods!$C$4)*region_annual_ha!$D$2:$Z$85) -> 149556.69 | F12: =SUMPRODUCT((region_annual_ha!$A$2:$A$85=$A12)*(region_annual_ha!$B$2:$B$85="crop")*(region_annual_ha!$D$1:$Z$1>=periods!$B$5)*(region_annual_ha!$D$1:$Z$1<=periods!$C$5)*region_annual_ha!$D$2:$Z$85) -> 63870.948 | G12: =SUMPRODUCT((region_annual_ha!$A$2:$A$85=$A12)*(region_annual_ha!$B$2:$B$85="live")*(region_annual_ha!$D$1:$Z$1>=periods!$B$2)*(region_annual_ha!$D$1:$Z$1<=periods!$C$2)*region_annual_ha!$D$2:$Z$85) -> 149155.25 | H12: =SUMPRODUCT((region_annual_ha!$A$2:$A$85=$A12)*(region_annual_ha!$B$2:$B$85="live")*(region_annual_ha!$D$1:$Z$1>=periods!$B$3)*(region_annual_ha!$D$1:$Z$1<=periods!$C$3)*region_annual_ha!$D$2:$Z$85) -> 243659.11 | I12: =SUMPRODUCT((region_annual_ha!$A$2:$A$85=$A12)*(region_annual_ha!$B$2:$B$85="live")*(region_annual_ha!$D$1:$Z$1>=periods!$B$4)*(region_annual_ha!$D$1:$Z$1<=periods!$C$4)*region_annual_ha!$D$2:$Z$85) -> 196042.92 | J12: =SUMPRODUCT((region_annual_ha!$A$2:$A$85=$A12)*(region_annual_ha!$B$2:$B$85="live")*(region_annual_ha!$D$1:$Z$1>=periods!$B$5)*(region_annual_ha!$D$1:$Z$1<=periods!$C$5)*region_annual_ha!$D$2:$Z$85) -> 68511.709 | K12: =SUMPRODUCT((region_annual_ha!$A$2:$A$85=$A12)*(region_annual_ha!$B$2:$B$85="fors")*(region_annual_ha!$D$1:$Z$1>=periods!$B$2)*(region_annual_ha!$D$1:$Z$1<=periods!$C$2)*region_annual_ha!$D$2:$Z$85) -> 640570 | L12: =SUMPRODUCT((region_annual_ha!$A$2:$A$85=$A12)*(region_annual_ha!$B$2:$B$85="fors")*(region_annual_ha!$D$1:$Z$1>=periods!$B$3)*(region_annual_ha!$D$1:$Z$1<=periods!$C$3)*region_annual_ha!$D$2:$Z$85) -> 1179147.7 | M12: =SUMPRODUCT((region_annual_ha!$A$2:$A$85=$A12)*(region_annual_ha!$B$2:$B$85="fors")*(region_annual_ha!$D$1:$Z$1>=periods!$B$4)*(region_annual_ha!$D$1:$Z$1<=periods!$C$4)*region_annual_ha!$D$2:$Z$85) -> 1736812.6 | N12: =SUMPRODUCT((region_annual_ha!$A$2:$A$85=$A12)*(region_annual_ha!$B$2:$B$85="fors")*(region_annual_ha!$D$1:$Z$1>=periods!$B$5)*(region_annual_ha!$D$1:$Z$1<=periods!$C$5)*region_annual_ha!$D$2:$Z$85) -> 1186109.3 | O12: =C12+G12+K12 -> 845719.44 | P12: =D12+H12+L12 -> 1488897.3 | Q12: =E12+I12+M12 -> 2082412.2 | R12: =F12+J12+N12 -> 1318491.9
A13: IND | B13: India | C13: =SUMPRODUCT((region_annual_ha!$A$2:$A$85=$A13)*(region_annual_ha!$B$2:$B$85="crop")*(region_annual_ha!$D$1:$Z$1>=periods!$B$2)*(region_annual_ha!$D$1:$Z$1<=periods!$C$2)*region_annual_ha!$D$2:$Z$85) -> 98840.912 | D13: =SUMPRODUCT((region_annual_ha!$A$2:$A$85=$A13)*(region_annual_ha!$B$2:$B$85="crop")*(region_annual_ha!$D$1:$Z$1>=periods!$B$3)*(region_annual_ha!$D$1:$Z$1<=periods!$C$3)*region_annual_ha!$D$2:$Z$85) -> 203251.52 | E13: =SUMPRODUCT((region_annual_ha!$A$2:$A$85=$A13)*(region_annual_ha!$B$2:$B$85="crop")*(region_annual_ha!$D$1:$Z$1>=periods!$B$4)*(region_annual_ha!$D$1:$Z$1<=periods!$C$4)*region_annual_ha!$D$2:$Z$85) -> 286791.62 | F13: =SUMPRODUCT((region_annual_ha!$A$2:$A$85=$A13)*(region_annual_ha!$B$2:$B$85="crop")*(region_annual_ha!$D$1:$Z$1>=periods!$B$5)*(region_annual_ha!$D$1:$Z$1<=periods!$C$5)*region_annual_ha!$D$2:$Z$85) -> 345238.38 | G13: =SUMPRODUCT((region_annual_ha!$A$2:$A$85=$A13)*(region_annual_ha!$B$2:$B$85="live")*(region_annual_ha!$D$1:$Z$1>=periods!$B$2)*(region_annual_ha!$D$1:$Z$1<=periods!$C$2)*region_annual_ha!$D$2:$Z$85) -> 28660.58 | H13: =SUMPRODUCT((region_annual_ha!$A$2:$A$85=$A13)*(region_annual_ha!$B$2:$B$85="live")*(region_annual_ha!$D$1:$Z$1>=periods!$B$3)*(region_annual_ha!$D$1:$Z$1<=periods!$C$3)*region_annual_ha!$D$2:$Z$85) -> 202247.81 | I13: =SUMPRODUCT((region_annual_ha!$A$2:$A$85=$A13)*(region_annual_ha!$B$2:$B$85="live")*(region_annual_ha!$D$1:$Z$1>=periods!$B$4)*(region_annual_ha!$D$1:$Z$1<=periods!$C$4)*region_annual_ha!$D$2:$Z$85) -> 354611.62 | J13: =SUMPRODUCT((region_annual_ha!$A$2:$A$85=$A13)*(region_annual_ha!$B$2:$B$85="live")*(region_annual_ha!$D$1:$Z$1>=periods!$B$5)*(region_annual_ha!$D$1:$Z$1<=periods!$C$5)*region_annual_ha!$D$2:$Z$85) -> 6770.5575 | K13: =SUMPRODUCT((region_annual_ha!$A$2:$A$85=$A13)*(region_annual_ha!$B$2:$B$85="fors")*(region_annual_ha!$D$1:$Z$1>=periods!$B$2)*(region_annual_ha!$D$1:$Z$1<=periods!$C$2)*region_annual_ha!$D$2:$Z$85) -> 22911.461 | L13: =SUMPRODUCT((region_annual_ha!$A$2:$A$85=$A13)*(region_annual_ha!$B$2:$B$85="fors")*(region_annual_ha!$D$1:$Z$1>=periods!$B$3)*(region_annual_ha!$D$1:$Z$1<=periods!$C$3)*region_annual_ha!$D$2:$Z$85) -> 50965.582 | M13: =SUMPRODUCT((region_annual_ha!$A$2:$A$85=$A13)*(region_annual_ha!$B$2:$B$85="fors")*(region_annual_ha!$D$1:$Z$1>=periods!$B$4)*(region_annual_ha!$D$1:$Z$1<=periods!$C$4)*region_annual_ha!$D$2:$Z$85) -> 49700.247 | N13: =SUMPRODUCT((region_annual_ha!$A$2:$A$85=$A13)*(region_annual_ha!$B$2:$B$85="fors")*(region_annual_ha!$D$1:$Z$1>=periods!$B$5)*(region_annual_ha!$D$1:$Z$1<=periods!$C$5)*region_annual_ha!$D$2:$Z$85) -> 25678.506 | O13: =C13+G13+K13 -> 150412.95 | P13: =D13+H13+L13 -> 456464.91 | Q13: =E13+I13+M13 -> 691103.49 | R13: =F13+J13+N13 -> 377687.45
A14: BRA | B14: Brazil | C14: =SUMPRODUCT((region_annual_ha!$A$2:$A$85=$A14)*(region_annual_ha!$B$2:$B$85="crop")*(region_annual_ha!$D$1:$Z$1>=periods!$B$2)*(region_annual_ha!$D$1:$Z$1<=periods!$C$2)*region_annual_ha!$D$2:$Z$85) -> 661273.42 | D14: =SUMPRODUCT((region_annual_ha!$A$2:$A$85=$A14)*(region_annual_ha!$B$2:$B$85="crop")*(region_annual_ha!$D$1:$Z$1>=periods!$B$3)*(region_annual_ha!$D$1:$Z$1<=periods!$C$3)*region_annual_ha!$D$2:$Z$85) -> 1139988.7 | E14: =SUMPRODUCT((region_annual_ha!$A$2:$A$85=$A14)*(region_annual_ha!$B$2:$B$85="crop")*(region_annual_ha!$D$1:$Z$1>=periods!$B$4)*(region_annual_ha!$D$1:$Z$1<=periods!$C$4)*region_annual_ha!$D$2:$Z$85) -> 844178.01 | F14: =SUMPRODUCT((region_annual_ha!$A$2:$A$85=$A14)*(region_annual_ha!$B$2:$B$85="crop")*(region_annual_ha!$D$1:$Z$1>=periods!$B$5)*(region_annual_ha!$D$1:$Z$1<=periods!$C$5)*region_annual_ha!$D$2:$Z$85) -> 417314.16 | G14: =SUMPRODUCT((region_annual_ha!$A$2:$A$85=$A14)*(region_annual_ha!$B$2:$B$85="live")*(region_annual_ha!$D$1:$Z$1>=periods!$B$2)*(region_annual_ha!$D$1:$Z$1<=periods!$C$2)*region_annual_ha!$D$2:$Z$85) -> 3561684.7 | H14: =SUMPRODUCT((region_annual_ha!$A$2:$A$85=$A14)*(region_annual_ha!$B$2:$B$85="live")*(region_annual_ha!$D$1:$Z$1>=periods!$B$3)*(region_annual_ha!$D$1:$Z$1<=periods!$C$3)*region_annual_ha!$D$2:$Z$85) -> 5115510.3 | I14: =SUMPRODUCT((region_annual_ha!$A$2:$A$85=$A14)*(region_annual_ha!$B$2:$B$85="live")*(region_annual_ha!$D$1:$Z$1>=periods!$B$4)*(region_annual_ha!$D$1:$Z$1<=periods!$C$4)*region_annual_ha!$D$2:$Z$85) -> 7318692.4 | J14: =SUMPRODUCT((region_annual_ha!$A$2:$A$85=$A14)*(region_annual_ha!$B$2:$B$85="live")*(region_annual_ha!$D$1:$Z$1>=periods!$B$5)*(region_annual_ha!$D$1:$Z$1<=periods!$C$5)*region_annual_ha!$D$2:$Z$85) -> 4410197.2 | K14: =SUMPRODUCT((region_annual_ha!$A$2:$A$85=$A14)*(region_annual_ha!$B$2:$B$85="fors")*(region_annual_ha!$D$1:$Z$1>=periods!$B$2)*(region_annual_ha!$D$1:$Z$1<=periods!$C$2)*region_annual_ha!$D$2:$Z$85) -> 37515.211 | L14: =SUMPRODUCT((region_annual_ha!$A$2:$A$85=$A14)*(region_annual_ha!$B$2:$B$85="fors")*(region_annual_ha!$D$1:$Z$1>=periods!$B$3)*(region_annual_ha!$D$1:$Z$1<=periods!$C$3)*region_annual_ha!$D$2:$Z$85) -> 159408.15 | M14: =SUMPRODUCT((region_annual_ha!$A$2:$A$85=$A14)*(region_annual_ha!$B$2:$B$85="fors")*(region_annual_ha!$D$1:$Z$1>=periods!$B$4)*(region_annual_ha!$D$1:$Z$1<=periods!$C$4)*region_annual_ha!$D$2:$Z$85) -> 239772.48 | N14: =SUMPRODUCT((region_annual_ha!$A$2:$A$85=$A14)*(region_annual_ha!$B$2:$B$85="fors")*(region_annual_ha!$D$1:$Z$1>=periods!$B$5)*(region_annual_ha!$D$1:$Z$1<=periods!$C$5)*region_annual_ha!$D$2:$Z$85) -> 135510.06 | O14: =C14+G14+K14 -> 4260473.4 | P14: =D14+H14+L14 -> 6414907.2 | Q14: =E14+I14+M14 -> 8402642.9 | R14: =F14+J14+N14 -> 4963021.4
... A30: IDZ | B30: Indonesia | C30: =SUMPRODUCT((region_annual_ha!$A$2:$A$85=$A30)*(region_annual_ha!$B$2:$B$85="crop")*(region_annual_ha!$D$1:$Z$1>=periods!$B$2)*(region_annual_ha!$D$1:$Z$1<=periods!$C$2)*region_annual_ha!$D$2:$Z$85) -> 2147629.6 | D30: =SUMPRODUCT((region_annual_ha!$A$2:$A$85=$A30)*(region_annual_ha!$B$2:$B$85="crop")*(region_annual_ha!$D$1:$Z$1>=periods!$B$3)*(region_annual_ha!$D$1:$Z$1<=periods!$C$3)*region_annual_ha!$D$2:$Z$85) -> 3195530.8 | E30: =SUMPRODUCT((region_annual_ha!$A$2:$A$85=$A30)*(region_annual_ha!$B$2:$B$85="crop")*(region_annual_ha!$D$1:$Z$1>=periods!$B$4)*(region_annual_ha!$D$1:$Z$1<=periods!$C$4)*region_annual_ha!$D$2:$Z$85) -> 1393536.5 | F30: =SUMPRODUCT((region_annual_ha!$A$2:$A$85=$A30)*(region_annual_ha!$B$2:$B$85="crop")*(region_annual_ha!$D$1:$Z$1>=periods!$B$5)*(region_annual_ha!$D$1:$Z$1<=periods!$C$5)*region_annual_ha!$D$2:$Z$85) -> 254798.85 | G30: =SUMPRODUCT((region_annual_ha!$A$2:$A$85=$A30)*(region_annual_ha!$B$2:$B$85="live")*(region_annual_ha!$D$1:$Z$1>=periods!$B$2)*(region_annual_ha!$D$1:$Z$1<=periods!$C$2)*region_annual_ha!$D$2:$Z$85) -> 16480.241 | H30: =SUMPRODUCT((region_annual_ha!$A$2:$A$85=$A30)*(region_annual_ha!$B$2:$B$85="live")*(region_annual_ha!$D$1:$Z$1>=periods!$B$3)*(region_annual_ha!$D$1:$Z$1<=periods!$C$3)*region_annual_ha!$D$2:$Z$85) -> 69000.75 | I30: =SUMPRODUCT((region_annual_ha!$A$2:$A$85=$A30)*(region_annual_ha!$B$2:$B$85="live")*(region_annual_ha!$D$1:$Z$1>=periods!$B$4)*(region_annual_ha!$D$1:$Z$1<=periods!$C$4)*region_annual_ha!$D$2:$Z$85) -> 42366.726 | J30: =SUMPRODUCT((region_annual_ha!$A$2:$A$85=$A30)*(region_annual_ha!$B$2:$B$85="live")*(region_annual_ha!$D$1:$Z$1>=periods!$B$5)*(region_annual_ha!$D$1:$Z$1<=periods!$C$5)*region_annual_ha!$D$2:$Z$85) -> 31021.467 | K30: =SUMPRODUCT((region_annual_ha!$A$2:$A$85=$A30)*(region_annual_ha!$B$2:$B$85="fors")*(region_annual_ha!$D$1:$Z$1>=periods!$B$2)*(region_annual_ha!$D$1:$Z$1<=periods!$C$2)*region_annual_ha!$D$2:$Z$85) -> 235270.61 | L30: =SUMPRODUCT((region_annual_ha!$A$2:$A$85=$A30)*(region_annual_ha!$B$2:$B$85="fors")*(region_annual_ha!$D$1:$Z$1>=periods!$B$3)*(region_annual_ha!$D$1:$Z$1<=periods!$C$3)*region_annual_ha!$D$2:$Z$85) -> 381921.78 | M30: =SUMPRODUCT((region_annual_ha!$A$2:$A$85=$A30)*(region_annual_ha!$B$2:$B$85="fors")*(region_annual_ha!$D$1:$Z$1>=periods!$B$4)*(region_annual_ha!$D$1:$Z$1<=periods!$C$4)*region_annual_ha!$D$2:$Z$85) -> 214540.95 | N30: =SUMPRODUCT((region_annual_ha!$A$2:$A$85=$A30)*(region_annual_ha!$B$2:$B$85="fors")*(region_annual_ha!$D$1:$Z$1>=periods!$B$5)*(region_annual_ha!$D$1:$Z$1<=periods!$C$5)*region_annual_ha!$D$2:$Z$85) -> 22093.149 | O30: =C30+G30+K30 -> 2399380.4 | P30: =D30+H30+L30 -> 3646453.3 | Q30: =E30+I30+M30 -> 1650444.2 | R30: =F30+J30+N30 -> 307913.46
A31: World | B31: sum of the 28 regions | C31: =SUM(C3:C30) -> 9881689.1 | D31: =SUM(D3:D30) -> 15436265 | E31: =SUM(E3:E30) -> 13813094 | F31: =SUM(F3:F30) -> 6240746.5 | G31: =SUM(G3:G30) -> 5961354.9 | H31: =SUM(H3:H30) -> 8832781.8 | I31: =SUM(I3:I30) -> 12303393 | J31: =SUM(J3:J30) -> 6913965.2 | ... N31: =SUM(N3:N30) -> 1764410 | O31: =C31+G31+K31 -> 17799162 | P31: =D31+H31+L31 -> 27785137 | Q31: =E31+I31+M31 -> 29321434 | R31: =F31+J31+N31 -> 14919122

Sheet region_annual_ha
A1: EPPA region | B1: category | C1: region name | D1: 2001 | E1: 2002 | F1: 2003 | G1: 2004 | H1: 2005 | I1: 2006 | J1: 2007 | K1: 2008 | L1: 2009 | M1: 2010 | N1: 2011 | O1: 2012 | P1: 2013 | Q1: 2014 | R1: 2015 | S1: 2016 | T1: 2017 | U1: 2018 | V1: 2019 | W1: 2020 | X1: 2021 | Y1: 2022 | Z1: 2023
A2: USA | B2: crop | C2: United States of America | D2: =SUMIFS(country_annual_ha!F$2:F$556,country_annual_ha!$D$2:$D$556,$A2,country_annual_ha!$E$2:$E$556,$B2) -> 23529.301 | E2: =SUMIFS(country_annual_ha!G$2:G$556,country_annual_ha!$D$2:$D$556,$A2,country_annual_ha!$E$2:$E$556,$B2) -> 14457.57 | F2: =SUMIFS(country_annual_ha!H$2:H$556,country_annual_ha!$D$2:$D$556,$A2,country_annual_ha!$E$2:$E$556,$B2) -> 10152.675 | G2: =SUMIFS(country_annual_ha!I$2:I$556,country_annual_ha!$D$2:$D$556,$A2,country_annual_ha!$E$2:$E$556,$B2) -> 11720.652 | H2: =SUMIFS(country_annual_ha!J$2:J$556,country_annual_ha!$D$2:$D$556,$A2,country_annual_ha!$E$2:$E$556,$B2) -> 14755.089 | I2: =SUMIFS(country_annual_ha!K$2:K$556,country_annual_ha!$D$2:$D$556,$A2,country_annual_ha!$E$2:$E$556,$B2) -> 14726.486 | J2: =SUMIFS(country_annual_ha!L$2:L$556,country_annual_ha!$D$2:$D$556,$A2,country_annual_ha!$E$2:$E$556,$B2) -> 14215.711 | K2: =SUMIFS(country_annual_ha!M$2:M$556,country_annual_ha!$D$2:$D$556,$A2,country_annual_ha!$E$2:$E$556,$B2) -> 18450.297 | ... Z2: =SUMIFS(country_annual_ha!AB$2:AB$556,country_annual_ha!$D$2:$D$556,$A2,country_annual_ha!$E$2:$E$556,$B2) -> 6218.9889
A3: USA | B3: live | C3: United States of America | D3: =SUMIFS(country_annual_ha!F$2:F$556,country_annual_ha!$D$2:$D$556,$A3,country_annual_ha!$E$2:$E$556,$B3) -> 70483.018 | E3: =SUMIFS(country_annual_ha!G$2:G$556,country_annual_ha!$D$2:$D$556,$A3,country_annual_ha!$E$2:$E$556,$B3) -> 63805.75 | F3: =SUMIFS(country_annual_ha!H$2:H$556,country_annual_ha!$D$2:$D$556,$A3,country_annual_ha!$E$2:$E$556,$B3) -> 51594.603 | G3: =SUMIFS(country_annual_ha!I$2:I$556,country_annual_ha!$D$2:$D$556,$A3,country_annual_ha!$E$2:$E$556,$B3) -> 84697.751 | H3: =SUMIFS(country_annual_ha!J$2:J$556,country_annual_ha!$D$2:$D$556,$A3,country_annual_ha!$E$2:$E$556,$B3) -> 80397.62 | I3: =SUMIFS(country_annual_ha!K$2:K$556,country_annual_ha!$D$2:$D$556,$A3,country_annual_ha!$E$2:$E$556,$B3) -> 87960.173 | J3: =SUMIFS(country_annual_ha!L$2:L$556,country_annual_ha!$D$2:$D$556,$A3,country_annual_ha!$E$2:$E$556,$B3) -> 97062.647 | K3: =SUMIFS(country_annual_ha!M$2:M$556,country_annual_ha!$D$2:$D$556,$A3,country_annual_ha!$E$2:$E$556,$B3) -> 81767.856 | ... Z3: =SUMIFS(country_annual_ha!AB$2:AB$556,country_annual_ha!$D$2:$D$556,$A3,country_annual_ha!$E$2:$E$556,$B3) -> 39492.281
A4: USA | B4: fors | C4: United States of America | D4: =SUMIFS(country_annual_ha!F$2:F$556,country_annual_ha!$D$2:$D$556,$A4,country_annual_ha!$E$2:$E$556,$B4) -> 387900 | E4: =SUMIFS(country_annual_ha!G$2:G$556,country_annual_ha!$D$2:$D$556,$A4,country_annual_ha!$E$2:$E$556,$B4) -> 387900 | F4: =SUMIFS(country_annual_ha!H$2:H$556,country_annual_ha!$D$2:$D$556,$A4,country_annual_ha!$E$2:$E$556,$B4) -> 387900 | G4: =SUMIFS(country_annual_ha!I$2:I$556,country_annual_ha!$D$2:$D$556,$A4,country_annual_ha!$E$2:$E$556,$B4) -> 387900 | H4: =SUMIFS(country_annual_ha!J$2:J$556,country_annual_ha!$D$2:$D$556,$A4,country_annual_ha!$E$2:$E$556,$B4) -> 387900 | I4: =SUMIFS(country_annual_ha!K$2:K$556,country_annual_ha!$D$2:$D$556,$A4,country_annual_ha!$E$2:$E$556,$B4) -> 387900 | J4: =SUMIFS(country_annual_ha!L$2:L$556,country_annual_ha!$D$2:$D$556,$A4,country_annual_ha!$E$2:$E$556,$B4) -> 387900 | K4: =SUMIFS(country_annual_ha!M$2:M$556,country_annual_ha!$D$2:$D$556,$A4,country_annual_ha!$E$2:$E$556,$B4) -> 294800 | ... Z4: =SUMIFS(country_annual_ha!AB$2:AB$556,country_annual_ha!$D$2:$D$556,$A4,country_annual_ha!$E$2:$E$556,$B4) -> 0
A5: CAN | B5: crop | C5: Canada | D5: =SUMIFS(country_annual_ha!F$2:F$556,country_annual_ha!$D$2:$D$556,$A5,country_annual_ha!$E$2:$E$556,$B5) -> 5787.6928 | E5: =SUMIFS(country_annual_ha!G$2:G$556,country_annual_ha!$D$2:$D$556,$A5,country_annual_ha!$E$2:$E$556,$B5) -> 3898.2157 | F5: =SUMIFS(country_annual_ha!H$2:H$556,country_annual_ha!$D$2:$D$556,$A5,country_annual_ha!$E$2:$E$556,$B5) -> 2453.0305 | G5: =SUMIFS(country_annual_ha!I$2:I$556,country_annual_ha!$D$2:$D$556,$A5,country_annual_ha!$E$2:$E$556,$B5) -> 4113.2617 | H5: =SUMIFS(country_annual_ha!J$2:J$556,country_annual_ha!$D$2:$D$556,$A5,country_annual_ha!$E$2:$E$556,$B5) -> 4720.4917 | I5: =SUMIFS(country_annual_ha!K$2:K$556,country_annual_ha!$D$2:$D$556,$A5,country_annual_ha!$E$2:$E$556,$B5) -> 4110.9281 | J5: =SUMIFS(country_annual_ha!L$2:L$556,country_annual_ha!$D$2:$D$556,$A5,country_annual_ha!$E$2:$E$556,$B5) -> 3187.7104 | K5: =SUMIFS(country_annual_ha!M$2:M$556,country_annual_ha!$D$2:$D$556,$A5,country_annual_ha!$E$2:$E$556,$B5) -> 4896.2392 | ... Z5: =SUMIFS(country_annual_ha!AB$2:AB$556,country_annual_ha!$D$2:$D$556,$A5,country_annual_ha!$E$2:$E$556,$B5) -> 0
A6: CAN | B6: live | C6: Canada | D6: =SUMIFS(country_annual_ha!F$2:F$556,country_annual_ha!$D$2:$D$556,$A6,country_annual_ha!$E$2:$E$556,$B6) -> 11734.584 | E6: =SUMIFS(country_annual_ha!G$2:G$556,country_annual_ha!$D$2:$D$556,$A6,country_annual_ha!$E$2:$E$556,$B6) -> 14234.997 | F6: =SUMIFS(country_annual_ha!H$2:H$556,country_annual_ha!$D$2:$D$556,$A6,country_annual_ha!$E$2:$E$556,$B6) -> 7371.5366 | G6: =SUMIFS(country_annual_ha!I$2:I$556,country_annual_ha!$D$2:$D$556,$A6,country_annual_ha!$E$2:$E$556,$B6) -> 14321.175 | H6: =SUMIFS(country_annual_ha!J$2:J$556,country_annual_ha!$D$2:$D$556,$A6,country_annual_ha!$E$2:$E$556,$B6) -> 0 | I6: =SUMIFS(country_annual_ha!K$2:K$556,country_annual_ha!$D$2:$D$556,$A6,country_annual_ha!$E$2:$E$556,$B6) -> 14186.189 | J6: =SUMIFS(country_annual_ha!L$2:L$556,country_annual_ha!$D$2:$D$556,$A6,country_annual_ha!$E$2:$E$556,$B6) -> 10036.022 | K6: =SUMIFS(country_annual_ha!M$2:M$556,country_annual_ha!$D$2:$D$556,$A6,country_annual_ha!$E$2:$E$556,$B6) -> 10148.028 | ... Z6: =SUMIFS(country_annual_ha!AB$2:AB$556,country_annual_ha!$D$2:$D$556,$A6,country_annual_ha!$E$2:$E$556,$B6) -> 3236.8246
A7: CAN | B7: fors | C7: Canada | D7: =SUMIFS(country_annual_ha!F$2:F$556,country_annual_ha!$D$2:$D$556,$A7,country_annual_ha!$E$2:$E$556,$B7) -> 0 | E7: =SUMIFS(country_annual_ha!G$2:G$556,country_annual_ha!$D$2:$D$556,$A7,country_annual_ha!$E$2:$E$556,$B7) -> 0 | F7: =SUMIFS(country_annual_ha!H$2:H$556,country_annual_ha!$D$2:$D$556,$A7,country_annual_ha!$E$2:$E$556,$B7) -> 0 | G7: =SUMIFS(country_annual_ha!I$2:I$556,country_annual_ha!$D$2:$D$556,$A7,country_annual_ha!$E$2:$E$556,$B7) -> 0 | H7: =SUMIFS(country_annual_ha!J$2:J$556,country_annual_ha!$D$2:$D$556,$A7,country_annual_ha!$E$2:$E$556,$B7) -> 0 | I7: =SUMIFS(country_annual_ha!K$2:K$556,country_annual_ha!$D$2:$D$556,$A7,country_annual_ha!$E$2:$E$556,$B7) -> 0 | J7: =SUMIFS(country_annual_ha!L$2:L$556,country_annual_ha!$D$2:$D$556,$A7,country_annual_ha!$E$2:$E$556,$B7) -> 0 | K7: =SUMIFS(country_annual_ha!M$2:M$556,country_annual_ha!$D$2:$D$556,$A7,country_annual_ha!$E$2:$E$556,$B7) -> 0 | ... Z7: =SUMIFS(country_annual_ha!AB$2:AB$556,country_annual_ha!$D$2:$D$556,$A7,country_annual_ha!$E$2:$E$556,$B7) -> 0
A8: MEX | B8: crop | C8: Mexico | D8: =SUMIFS(country_annual_ha!F$2:F$556,country_annual_ha!$D$2:$D$556,$A8,country_annual_ha!$E$2:$E$556,$B8) -> 103791.38 | E8: =SUMIFS(country_annual_ha!G$2:G$556,country_annual_ha!$D$2:$D$556,$A8,country_annual_ha!$E$2:$E$556,$B8) -> 102904.44 | F8: =SUMIFS(country_annual_ha!H$2:H$556,country_annual_ha!$D$2:$D$556,$A8,country_annual_ha!$E$2:$E$556,$B8) -> 102060.64 | G8: =SUMIFS(country_annual_ha!I$2:I$556,country_annual_ha!$D$2:$D$556,$A8,country_annual_ha!$E$2:$E$556,$B8) -> 135698 | H8: =SUMIFS(country_annual_ha!J$2:J$556,country_annual_ha!$D$2:$D$556,$A8,country_annual_ha!$E$2:$E$556,$B8) -> 49406.084 | I8: =SUMIFS(country_annual_ha!K$2:K$556,country_annual_ha!$D$2:$D$556,$A8,country_annual_ha!$E$2:$E$556,$B8) -> 3838.2338 | J8: =SUMIFS(country_annual_ha!L$2:L$556,country_annual_ha!$D$2:$D$556,$A8,country_annual_ha!$E$2:$E$556,$B8) -> 6758.0744 | K8: =SUMIFS(country_annual_ha!M$2:M$556,country_annual_ha!$D$2:$D$556,$A8,country_annual_ha!$E$2:$E$556,$B8) -> 7048.3855 | ... Z8: =SUMIFS(country_annual_ha!AB$2:AB$556,country_annual_ha!$D$2:$D$556,$A8,country_annual_ha!$E$2:$E$556,$B8) -> 0
A9: MEX | B9: live | C9: Mexico | D9: =SUMIFS(country_annual_ha!F$2:F$556,country_annual_ha!$D$2:$D$556,$A9,country_annual_ha!$E$2:$E$556,$B9) -> 14906.08 | E9: =SUMIFS(country_annual_ha!G$2:G$556,country_annual_ha!$D$2:$D$556,$A9,country_annual_ha!$E$2:$E$556,$B9) -> 0 | F9: =SUMIFS(country_annual_ha!H$2:H$556,country_annual_ha!$D$2:$D$556,$A9,country_annual_ha!$E$2:$E$556,$B9) -> 0 | G9: =SUMIFS(country_annual_ha!I$2:I$556,country_annual_ha!$D$2:$D$556,$A9,country_annual_ha!$E$2:$E$556,$B9) -> 0 | H9: =SUMIFS(country_annual_ha!J$2:J$556,country_annual_ha!$D$2:$D$556,$A9,country_annual_ha!$E$2:$E$556,$B9) -> 0 | I9: =SUMIFS(country_annual_ha!K$2:K$556,country_annual_ha!$D$2:$D$556,$A9,country_annual_ha!$E$2:$E$556,$B9) -> 0 | J9: =SUMIFS(country_annual_ha!L$2:L$556,country_annual_ha!$D$2:$D$556,$A9,country_annual_ha!$E$2:$E$556,$B9) -> 0 | K9: =SUMIFS(country_annual_ha!M$2:M$556,country_annual_ha!$D$2:$D$556,$A9,country_annual_ha!$E$2:$E$556,$B9) -> 0 | ... Z9: =SUMIFS(country_annual_ha!AB$2:AB$556,country_annual_ha!$D$2:$D$556,$A9,country_annual_ha!$E$2:$E$556,$B9) -> 32951.479
A10: MEX | B10: fors | C10: Mexico | D10: =SUMIFS(country_annual_ha!F$2:F$556,country_annual_ha!$D$2:$D$556,$A10,country_annual_ha!$E$2:$E$556,$B10) -> 1457.9856 | E10: =SUMIFS(country_annual_ha!G$2:G$556,country_annual_ha!$D$2:$D$556,$A10,country_annual_ha!$E$2:$E$556,$B10) -> 979.52966 | F10: =SUMIFS(country_annual_ha!H$2:H$556,country_annual_ha!$D$2:$D$556,$A10,country_annual_ha!$E$2:$E$556,$B10) -> 725.79499 | G10: =SUMIFS(country_annual_ha!I$2:I$556,country_annual_ha!$D$2:$D$556,$A10,country_annual_ha!$E$2:$E$556,$B10) -> 1156.7861 | H10: =SUMIFS(country_annual_ha!J$2:J$556,country_annual_ha!$D$2:$D$556,$A10,country_annual_ha!$E$2:$E$556,$B10) -> 1159.6695 | I10: =SUMIFS(country_annual_ha!K$2:K$556,country_annual_ha!$D$2:$D$556,$A10,country_annual_ha!$E$2:$E$556,$B10) -> 2111.6883 | J10: =SUMIFS(country_annual_ha!L$2:L$556,country_annual_ha!$D$2:$D$556,$A10,country_annual_ha!$E$2:$E$556,$B10) -> 2733 | K10: =SUMIFS(country_annual_ha!M$2:M$556,country_annual_ha!$D$2:$D$556,$A10,country_annual_ha!$E$2:$E$556,$B10) -> 2310.4109 | ... Z10: =SUMIFS(country_annual_ha!AB$2:AB$556,country_annual_ha!$D$2:$D$556,$A10,country_annual_ha!$E$2:$E$556,$B10) -> 0
A11: JPN | B11: crop | C11: Japan | D11: =SUMIFS(country_annual_ha!F$2:F$556,country_annual_ha!$D$2:$D$556,$A11,country_annual_ha!$E$2:$E$556,$B11) -> 580.19466 | E11: =SUMIFS(country_annual_ha!G$2:G$556,country_annual_ha!$D$2:$D$556,$A11,country_annual_ha!$E$2:$E$556,$B11) -> 416.91363 | F11: =SUMIFS(country_annual_ha!H$2:H$556,country_annual_ha!$D$2:$D$556,$A11,country_annual_ha!$E$2:$E$556,$B11) -> 928.81213 | G11: =SUMIFS(country_annual_ha!I$2:I$556,country_annual_ha!$D$2:$D$556,$A11,country_annual_ha!$E$2:$E$556,$B11) -> 2031.1984 | H11: =SUMIFS(country_annual_ha!J$2:J$556,country_annual_ha!$D$2:$D$556,$A11,country_annual_ha!$E$2:$E$556,$B11) -> 1693.6663 | I11: =SUMIFS(country_annual_ha!K$2:K$556,country_annual_ha!$D$2:$D$556,$A11,country_annual_ha!$E$2:$E$556,$B11) -> 1551.726 | J11: =SUMIFS(country_annual_ha!L$2:L$556,country_annual_ha!$D$2:$D$556,$A11,country_annual_ha!$E$2:$E$556,$B11) -> 1651.0691 | K11: =SUMIFS(country_annual_ha!M$2:M$556,country_annual_ha!$D$2:$D$556,$A11,country_annual_ha!$E$2:$E$556,$B11) -> 1706.312 | ... Z11: =SUMIFS(country_annual_ha!AB$2:AB$556,country_annual_ha!$D$2:$D$556,$A11,country_annual_ha!$E$2:$E$556,$B11) -> 195.9803
A12: JPN | B12: live | C12: Japan | D12: =SUMIFS(country_annual_ha!F$2:F$556,country_annual_ha!$D$2:$D$556,$A12,country_annual_ha!$E$2:$E$556,$B12) -> 0 | E12: =SUMIFS(country_annual_ha!G$2:G$556,country_annual_ha!$D$2:$D$556,$A12,country_annual_ha!$E$2:$E$556,$B12) -> 0 | F12: =SUMIFS(country_annual_ha!H$2:H$556,country_annual_ha!$D$2:$D$556,$A12,country_annual_ha!$E$2:$E$556,$B12) -> 0 | G12: =SUMIFS(country_annual_ha!I$2:I$556,country_annual_ha!$D$2:$D$556,$A12,country_annual_ha!$E$2:$E$556,$B12) -> 1.6894597 | H12: =SUMIFS(country_annual_ha!J$2:J$556,country_annual_ha!$D$2:$D$556,$A12,country_annual_ha!$E$2:$E$556,$B12) -> 55.963343 | I12: =SUMIFS(country_annual_ha!K$2:K$556,country_annual_ha!$D$2:$D$556,$A12,country_annual_ha!$E$2:$E$556,$B12) -> 58.564419 | J12: =SUMIFS(country_annual_ha!L$2:L$556,country_annual_ha!$D$2:$D$556,$A12,country_annual_ha!$E$2:$E$556,$B12) -> 80.451554 | K12: =SUMIFS(country_annual_ha!M$2:M$556,country_annual_ha!$D$2:$D$556,$A12,country_annual_ha!$E$2:$E$556,$B12) -> 104.98957 | ... Z12: =SUMIFS(country_annual_ha!AB$2:AB$556,country_annual_ha!$D$2:$D$556,$A12,country_annual_ha!$E$2:$E$556,$B12) -> 276.5403
A13: JPN | B13: fors | C13: Japan | D13: =SUMIFS(country_annual_ha!F$2:F$556,country_annual_ha!$D$2:$D$556,$A13,country_annual_ha!$E$2:$E$556,$B13) -> 0 | E13: =SUMIFS(country_annual_ha!G$2:G$556,country_annual_ha!$D$2:$D$556,$A13,country_annual_ha!$E$2:$E$556,$B13) -> 0 | F13: =SUMIFS(country_annual_ha!H$2:H$556,country_annual_ha!$D$2:$D$556,$A13,country_annual_ha!$E$2:$E$556,$B13) -> 0 | G13: =SUMIFS(country_annual_ha!I$2:I$556,country_annual_ha!$D$2:$D$556,$A13,country_annual_ha!$E$2:$E$556,$B13) -> 0 | H13: =SUMIFS(country_annual_ha!J$2:J$556,country_annual_ha!$D$2:$D$556,$A13,country_annual_ha!$E$2:$E$556,$B13) -> 0 | I13: =SUMIFS(country_annual_ha!K$2:K$556,country_annual_ha!$D$2:$D$556,$A13,country_annual_ha!$E$2:$E$556,$B13) -> 0 | J13: =SUMIFS(country_annual_ha!L$2:L$556,country_annual_ha!$D$2:$D$556,$A13,country_annual_ha!$E$2:$E$556,$B13) -> 0 | K13: =SUMIFS(country_annual_ha!M$2:M$556,country_annual_ha!$D$2:$D$556,$A13,country_annual_ha!$E$2:$E$556,$B13) -> 0 | ... Z13: =SUMIFS(country_annual_ha!AB$2:AB$556,country_annual_ha!$D$2:$D$556,$A13,country_annual_ha!$E$2:$E$556,$B13) -> 0
... A85: IDZ | B85: fors | C85: Indonesia | D85: =SUMIFS(country_annual_ha!F$2:F$556,country_annual_ha!$D$2:$D$556,$A85,country_annual_ha!$E$2:$E$556,$B85) -> 24165.248 | E85: =SUMIFS(country_annual_ha!G$2:G$556,country_annual_ha!$D$2:$D$556,$A85,country_annual_ha!$E$2:$E$556,$B85) -> 31340.889 | F85: =SUMIFS(country_annual_ha!H$2:H$556,country_annual_ha!$D$2:$D$556,$A85,country_annual_ha!$E$2:$E$556,$B85) -> 12434.428 | G85: =SUMIFS(country_annual_ha!I$2:I$556,country_annual_ha!$D$2:$D$556,$A85,country_annual_ha!$E$2:$E$556,$B85) -> 69352.78 | H85: =SUMIFS(country_annual_ha!J$2:J$556,country_annual_ha!$D$2:$D$556,$A85,country_annual_ha!$E$2:$E$556,$B85) -> 59173.494 | I85: =SUMIFS(country_annual_ha!K$2:K$556,country_annual_ha!$D$2:$D$556,$A85,country_annual_ha!$E$2:$E$556,$B85) -> 61197.622 | J85: =SUMIFS(country_annual_ha!L$2:L$556,country_annual_ha!$D$2:$D$556,$A85,country_annual_ha!$E$2:$E$556,$B85) -> 83970.202 | K85: =SUMIFS(country_annual_ha!M$2:M$556,country_annual_ha!$D$2:$D$556,$A85,country_annual_ha!$E$2:$E$556,$B85) -> 74111.066 | ... Z85: =SUMIFS(country_annual_ha!AB$2:AB$556,country_annual_ha!$D$2:$D$556,$A85,country_annual_ha!$E$2:$E$556,$B85) -> 5805.0799
A86: World | B86: crop | C86: sum of the 28 regions | D86: =SUMIFS(D$2:D$85,$B$2:$B$85,$B86) -> 1528343.7 | E86: =SUMIFS(E$2:E$85,$B$2:$B$85,$B86) -> 1751289.1 | F86: =SUMIFS(F$2:F$85,$B$2:$B$85,$B86) -> 1696310.8 | G86: =SUMIFS(G$2:G$85,$B$2:$B$85,$B86) -> 2300799.3 | H86: =SUMIFS(H$2:H$85,$B$2:$B$85,$B86) -> 2170870.2 | I86: =SUMIFS(I$2:I$85,$B$2:$B$85,$B86) -> 2504026.6 | J86: =SUMIFS(J$2:J$85,$B$2:$B$85,$B86) -> 2821082 | K86: =SUMIFS(K$2:K$85,$B$2:$B$85,$B86) -> 3163347.6 | ... Z86: =SUMIFS(Z$2:Z$85,$B$2:$B$85,$B86) -> 1963429.9
A87: World | B87: live | C87: sum of the 28 regions | D87: =SUMIFS(D$2:D$85,$B$2:$B$85,$B87) -> 1986771.7 | E87: =SUMIFS(E$2:E$85,$B$2:$B$85,$B87) -> 2744668.2 | F87: =SUMIFS(F$2:F$85,$B$2:$B$85,$B87) -> 2502877.2 | G87: =SUMIFS(G$2:G$85,$B$2:$B$85,$B87) -> 3215815.7 | H87: =SUMIFS(H$2:H$85,$B$2:$B$85,$B87) -> 2948671.5 | I87: =SUMIFS(I$2:I$85,$B$2:$B$85,$B87) -> 2435233.9 | J87: =SUMIFS(J$2:J$85,$B$2:$B$85,$B87) -> 2297569.7 | K87: =SUMIFS(K$2:K$85,$B$2:$B$85,$B87) -> 2109345.2 | ... Z87: =SUMIFS(Z$2:Z$85,$B$2:$B$85,$B87) -> 1913740.4
A88: World | B88: fors | C88: sum of the 28 regions | D88: =SUMIFS(D$2:D$85,$B$2:$B$85,$B88) -> 653048.67 | E88: =SUMIFS(E$2:E$85,$B$2:$B$85,$B88) -> 656016.24 | F88: =SUMIFS(F$2:F$85,$B$2:$B$85,$B88) -> 626467.43 | G88: =SUMIFS(G$2:G$85,$B$2:$B$85,$B88) -> 846619.13 | H88: =SUMIFS(H$2:H$85,$B$2:$B$85,$B88) -> 809817.33 | I88: =SUMIFS(I$2:I$85,$B$2:$B$85,$B88) -> 881312.19 | J88: =SUMIFS(J$2:J$85,$B$2:$B$85,$B88) -> 972373.54 | K88: =SUMIFS(K$2:K$85,$B$2:$B$85,$B88) -> 792430.41 | ... Z88: =SUMIFS(Z$2:Z$85,$B$2:$B$85,$B88) -> 585095.64

Sheet country_annual_ha
A1: ISO | B1: country | C1: DeDuCE continent group | D1: EPPA region | E1: category | F1: 2001 | G1: 2002 | H1: 2003 | I1: 2004 | J1: 2005 | K1: 2006 | L1: 2007 | M1: 2008 | N1: 2009 | O1: 2010 | P1: 2011 | Q1: 2012 | R1: 2013 | S1: 2014 | T1: 2015 | U1: 2016 | V1: 2017 | W1: 2018 | X1: 2019 | Y1: 2020 | Z1: 2021 | AA1: 2022 | AB1: 2023
A2: AFG | B2: Afghanistan | C2: Rest of Asia | D2: REA | E2: crop | F2: 67.173361 | G2: 44.154595 | H2: 10.218612 | I2: 28.513659 | J2: 8.0478445 | K2: 8.482905 | L2: 12.119896 | M2: 6.0160417 | N2: 8.3721222 | O2: 5.8666179 | P2: 4.2688284 | Q2: 13.61815 | R2: 0.16521988 | S2: 0.18529665 | T2: 0 | U2: 0 | V2: 0 | W2: 0 | X2: 0.47003132 | Y2: 1.2640476 | Z2: 0.31570203 | AA2: 0.020335743 | AB2: 0.35409891
A3: AFG | B3: Afghanistan | C3: Rest of Asia | D3: REA | E3: live | F3: 2.9450942 | G3: 6.8562615 | H3: 2.9885284 | I3: 3.2007489 | J3: 7.2895901 | K3: 2.3186852 | L3: 2.5171803 | M3: 3.434536 | N3: 4.3571314 | O3: 1.4925972 | P3: 1.2052951 | Q3: 2.5490391 | R3: 0.21058597 | S3: 0.18997263 | T3: 0 | U3: 0 | V3: 0 | W3: 0.31841182 | X3: 0.86648282 | Y3: 0 | Z3: 0 | AA3: 0.042863275 | AB3: 0.40026119
A4: AFG | B4: Afghanistan | C4: Rest of Asia | D4: REA | E4: fors | F4: 0 | G4: 0 | H4: 0 | I4: 0 | J4: 0 | K4: 0 | L4: 0 | M4: 0 | N4: 0 | O4: 0 | P4: 0 | Q4: 0 | R4: 0 | S4: 0 | T4: 0 | U4: 0 | V4: 0 | W4: 0 | X4: 0 | Y4: 0 | Z4: 0 | AA4: 0 | AB4: 0
A5: AGO | B5: Angola | C5: Africa | D5: AF11 | E5: crop | F5: 34697.465 | G5: 19538.04 | H5: 17362.133 | I5: 26552.654 | J5: 33860.866 | K5: 31362.15 | L5: 59290.345 | M5: 46475.73 | N5: 67873.73 | O5: 45361.956 | P5: 63033.667 | Q5: 66920.172 | R5: 56974.974 | S5: 62381.676 | T5: 42026.693 | U5: 30186.034 | V5: 29969.579 | W5: 12711.732 | X5: 2260.3276 | Y5: 0 | Z5: 0 | AA5: 6682.7005 | AB5: 2012.7016
A6: AGO | B6: Angola | C6: Africa | D6: AF11 | E6: live | F6: 0 | G6: 0 | H6: 0 | I6: 165.51841 | J6: 3901.916 | K6: 0 | L6: 0 | M6: 519.1599 | N6: 10329.792 | O6: 4935.2607 | P6: 9801.5022 | Q6: 8091.4286 | R6: 0 | S6: 0 | T6: 0 | U6: 28253.82 | V6: 47930.948 | W6: 46868.689 | X6: 37268.786 | Y6: 55440.863 | Z6: 80543.748 | AA6: 57686.132 | AB6: 74391.14
A7: AGO | B7: Angola | C7: Africa | D7: AF11 | E7: fors | F7: 0 | G7: 0 | H7: 0 | I7: 0 | J7: 0 | K7: 0 | L7: 0 | M7: 0 | N7: 0 | O7: 0 | P7: 0 | Q7: 0 | R7: 0 | S7: 0 | T7: 0 | U7: 0 | V7: 0 | W7: 0 | X7: 0 | Y7: 0 | Z7: 0 | AA7: 0 | AB7: 0
A8: ALB | B8: Albania | C8: Europe | D8: ROE | E8: crop | F8: 362.8062 | G8: 0.34895731 | H8: 57.394862 | I8: 410.89217 | J8: 41.356295 | K8: 0.058038898 | L8: 0.87480322 | M8: 31.215898 | N8: 138.18906 | O8: 68.124926 | P8: 87.800073 | Q8: 486.35893 | R8: 117.96865 | S8: 96.940431 | T8: 28.693974 | U8: 54.104945 | V8: 77.574125 | W8: 76.66046 | X8: 63.403353 | Y8: 51.986084 | Z8: 0 | AA8: 0 | AB8: 104.50855
A9: ALB | B9: Albania | C9: Europe | D9: ROE | E9: live | F9: 0 | G9: 0 | H9: 0 | I9: 0 | J9: 72.248003 | K9: 174.6426 | L9: 315.3433 | M9: 163.29038 | N9: 31.543111 | O9: 0 | P9: 0 | Q9: 0 | R9: 0 | S9: 24.941558 | T9: 8.4387091 | U9: 16.062667 | V9: 15.463857 | W9: 0 | X9: 0 | Y9: 0 | Z9: 0 | AA9: 0 | AB9: 0
A10: ALB | B10: Albania | C10: Europe | D10: ROE | E10: fors | F10: 1060.5654 | G10: 428.23673 | H10: 141.24614 | I10: 1208.1171 | J10: 255.79676 | K10: 374.87418 | L10: 421.58577 | M10: 0 | N10: 0 | O10: 0 | P10: 0 | Q10: 0 | R10: 0 | S10: 0 | T10: 0 | U10: 0 | V10: 0 | W10: 0 | X10: 0 | Y10: 0 | Z10: 0 | AA10: 0 | AB10: 0
A11: ARG | B11: Argentina | C11: South America | D11: LAM | E11: crop | F11: 110157.46 | G11: 72716.913 | H11: 198692.6 | I11: 368336.43 | J11: 311633.75 | K11: 148417.13 | L11: 355457.54 | M11: 505862.97 | N11: 240823.81 | O11: 343696.23 | P11: 242744.47 | Q11: 284814.66 | R11: 248130.98 | S11: 176219.63 | T11: 33176.214 | U11: 170428.07 | V11: 169005.38 | W11: 125386.49 | X11: 101373.12 | Y11: 19561.373 | Z11: 12911.498 | AA11: 5275.6327 | AB11: 1098.846
A12: ARG | B12: Argentina | C12: South America | D12: LAM | E12: live | F12: 1127.8862 | G12: 979.6133 | H12: 983.30012 | I12: 1202.4222 | J12: 1344.6253 | K12: 1378.3672 | L12: 1225.1812 | M12: 1611.9685 | N12: 1034.7832 | O12: 886.37978 | P12: 705.9446 | Q12: 1370.4799 | R12: 782.95465 | S12: 792.28764 | T12: 614.61694 | U12: 1873.1264 | V12: 1923.0496 | W12: 9819.4846 | X12: 6484.3574 | Y12: 31455.014 | Z12: 30258.946 | AA12: 33386.339 | AB12: 31700.1
... A556: ZWE | B556: Zimbabwe | C556: Africa | D556: AF4 | E556: fors | F556: 0 | G556: 0 | H556: 0 | I556: 0 | J556: 0 | K556: 0 | L556: 0 | M556: 0 | N556: 0 | O556: 0 | P556: 0 | Q556: 0 | R556: 0 | S556: 0 | T556: 0 | U556: 0 | V556: 0 | W556: 0 | X556: 0 | Y556: 0 | Z556: 0 | AA556: 0 | AB556: 0

Sheet country_mapping
A1: ISO | B1: country (DeDuCE) | C1: DeDuCE continent group | D1: EPPA region | E1: EPPA region name | F1: basis | G1: crop ha 2001-2023 | H1: live ha 2001-2023 | I1: fors ha 2001-2023
A2: AFG | B2: Afghanistan | C2: Rest of Asia | D2: REA | E2: Rest of Asia (South and Southeast Asia rest, Mongolia) | F2: GTAP code AFG | G2: 219.62737 | H2: 43.183265 | I2: 0
A3: AGO | B3: Angola | C3: Africa | D3: AF11 | E3: Angola | F3: GTAP code AGO | G3: 757535.33 | H3: 466128.7 | I3: 0
A4: ALB | B4: Albania | C4: Europe | D4: ROE | E4: Rest of Europe and Central Asia (incl. Turkey) | F4: GTAP code ALB | G4: 2357.2608 | H4: 821.9742 | I4: 3890.4221
A5: ARG | B5: Argentina | C5: South America | D5: LAM | E5: Latin America (excl. Brazil and Mexico) | F5: GTAP code ARG | G5: 4245921.2 | H5: 162941.23 | I5: 275099.09
A6: ARM | B6: Armenia | C6: Rest of Asia | D6: ROE | E6: Rest of Europe and Central Asia (incl. Turkey) | F6: GTAP code ARM | G6: 189.90629 | H6: 151.69017 | I6: 0
A7: ATG | B7: Antigua and Barbuda | C7: North and Central America | D7: LAM | E7: Latin America (excl. Brazil and Mexico) | F7: via XCB | G7: 103.59451 | H7: 45.494017 | I7: 0
A8: AUS | B8: Australia | C8: Oceania | D8: ANZ | E8: Australia and New Zealand (+ rest of Oceania and rest of the world) | F8: GTAP code AUS | G8: 111614.72 | H8: 68500.736 | I8: 225610.02
A9: AUT | B9: Austria | C9: Europe | D9: EUR | E9: European Union 28 + EFTA | F9: GTAP code AUT | G9: 1191.3247 | H9: 231.8642 | I9: 0
A10: AZE | B10: Azerbaijan | C10: Rest of Asia | D10: ROE | E10: Rest of Europe and Central Asia (incl. Turkey) | F10: GTAP code AZE | G10: 1056.5074 | H10: 425.30063 | I10: 162.19368
A11: BDI | B11: Burundi | C11: Africa | D11: AF4 | E11: East Africa and Zambezi belt (Zambia moved to AF6 in AFRC) | F11: GTAP code BDI | G11: 10421.685 | H11: 965.00043 | I11: 0
A12: BEL | B12: Belgium | C12: Europe | D12: EUR | E12: European Union 28 + EFTA | F12: GTAP code BEL | G12: 1418.7649 | H12: 112.05251 | I12: 7928.1894
A13: BEN | B13: Benin | C13: Africa | D13: AF2 | E13: Sahel and francophone West Africa (Benin-Niger belt) | F13: GTAP code BEN | G13: 25915.992 | H13: 5345.1991 | I13: 20.364307
... A186: ZWE | B186: Zimbabwe | C186: Africa | D186: AF4 | E186: East Africa and Zambezi belt (Zambia moved to AF6 in AFRC) | F186: GTAP code ZWE | G186: 66731.287 | H186: 18804.158 | I186: 0
